file,line,type,commit,author,date,time,timezone,datetime,depth,length
style.css,1,css,f8a36a68,hannah sky,2025-10-10,12:38:02,-07:00,2025-10-10T12:38:02-07:00,0,3
style.css,2,css,fa030b4a,hannah sky,2025-10-10,18:21:56,-07:00,2025-10-10T18:21:56-07:00,1,44
style.css,3,css,f8a36a68,hannah sky,2025-10-10,12:38:02,-07:00,2025-10-10T12:38:02-07:00,1,32
style.css,4,css,f8a36a68,hannah sky,2025-10-10,12:38:02,-07:00,2025-10-10T12:38:02-07:00,0,0
style.css,5,css,df256163,hannah sky,2025-09-29,01:47:07,-07:00,2025-09-29T01:47:07-07:00,0,4
style.css,6,css,df256163,hannah sky,2025-09-29,01:47:07,-07:00,2025-09-29T01:47:07-07:00,1,43
style.css,7,css,df256163,hannah sky,2025-09-29,01:47:07,-07:00,2025-09-29T01:47:07-07:00,0,42
style.css,8,css,df256163,hannah sky,2025-09-29,01:47:07,-07:00,2025-09-29T01:47:07-07:00,0,0
style.css,9,css,df256163,hannah sky,2025-09-29,01:47:07,-07:00,2025-09-29T01:47:07-07:00,1,23
style.css,10,css,47640616,hannah sky,2025-10-08,00:01:47,-07:00,2025-10-08T00:01:47-07:00,1,15
style.css,11,css,47640616,hannah sky,2025-10-08,00:01:47,-07:00,2025-10-08T00:01:47-07:00,1,17
style.css,12,css,47640616,hannah sky,2025-10-08,00:01:47,-07:00,2025-10-08T00:01:47-07:00,1,11
style.css,13,css,7ef0523b,Hannah,2025-10-08,16:03:15,-07:00,2025-10-08T16:03:15-07:00,0,0
style.css,14,css,7ef0523b,Hannah,2025-10-08,16:03:15,-07:00,2025-10-08T16:03:15-07:00,0,3
style.css,15,css,7ef0523b,Hannah,2025-10-08,16:03:15,-07:00,2025-10-08T16:03:15-07:00,1,12
style.css,16,css,f8a36a68,hannah sky,2025-10-10,12:38:02,-07:00,2025-10-10T12:38:02-07:00,0,0
style.css,17,css,f8a36a68,hannah sky,2025-10-10,12:38:02,-07:00,2025-10-10T12:38:02-07:00,0,5
style.css,18,css,f8a36a68,hannah sky,2025-10-10,12:38:02,-07:00,2025-10-10T12:38:02-07:00,1,6
style.css,19,css,f8a36a68,hannah sky,2025-10-10,12:38:02,-07:00,2025-10-10T12:38:02-07:00,1,17
style.css,20,css,f8a36a68,hannah sky,2025-10-10,12:38:02,-07:00,2025-10-10T12:38:02-07:00,1,20
style.css,21,css,f8a36a68,hannah sky,2025-10-10,12:38:02,-07:00,2025-10-10T12:38:02-07:00,1,13
style.css,22,css,f8a36a68,hannah sky,2025-10-10,12:38:02,-07:00,2025-10-10T12:38:02-07:00,1,13
style.css,23,css,f8a36a68,hannah sky,2025-10-10,12:38:02,-07:00,2025-10-10T12:38:02-07:00,0,0
style.css,24,css,f8a36a68,hannah sky,2025-10-10,12:38:02,-07:00,2025-10-10T12:38:02-07:00,0,13
style.css,25,css,f8a36a68,hannah sky,2025-10-10,12:38:02,-07:00,2025-10-10T12:38:02-07:00,1,16
style.css,26,css,f8a36a68,hannah sky,2025-10-10,12:38:02,-07:00,2025-10-10T12:38:02-07:00,1,43
style.css,27,css,f8a36a68,hannah sky,2025-10-10,12:38:02,-07:00,2025-10-10T12:38:02-07:00,1,20
style.css,28,css,f8a36a68,hannah sky,2025-10-10,12:38:02,-07:00,2025-10-10T12:38:02-07:00,0,0
style.css,29,css,f8a36a68,hannah sky,2025-10-10,12:38:02,-07:00,2025-10-10T12:38:02-07:00,0,0
style.css,30,css,f8a36a68,hannah sky,2025-10-10,12:38:02,-07:00,2025-10-10T12:38:02-07:00,0,10
style.css,31,css,f8a36a68,hannah sky,2025-10-10,12:38:02,-07:00,2025-10-10T12:38:02-07:00,1,45
style.css,32,css,f8a36a68,hannah sky,2025-10-10,12:38:02,-07:00,2025-10-10T12:38:02-07:00,1,20
style.css,33,css,d25e54b8,hannah sky,2025-10-17,19:14:18,-07:00,2025-10-17T19:14:18-07:00,1,69
style.css,34,css,f8a36a68,hannah sky,2025-10-10,12:38:02,-07:00,2025-10-10T12:38:02-07:00,0,0
style.css,35,css,d03dd021,hannah sky,2025-10-10,13:14:11,-07:00,2025-10-10T13:14:11-07:00,0,0
style.css,36,css,d03dd021,hannah sky,2025-10-10,13:14:11,-07:00,2025-10-10T13:14:11-07:00,0,3
style.css,37,css,d03dd021,hannah sky,2025-10-10,13:14:11,-07:00,2025-10-10T13:14:11-07:00,1,12
style.css,38,css,d03dd021,hannah sky,2025-10-10,13:14:11,-07:00,2025-10-10T13:14:11-07:00,1,30
style.css,39,css,d03dd021,hannah sky,2025-10-10,13:14:11,-07:00,2025-10-10T13:14:11-07:00,1,7
style.css,40,css,d03dd021,hannah sky,2025-10-10,13:14:11,-07:00,2025-10-10T13:14:11-07:00,0,0
style.css,41,css,d03dd021,hannah sky,2025-10-10,13:14:11,-07:00,2025-10-10T13:14:11-07:00,0,9
style.css,42,css,d03dd021,hannah sky,2025-10-10,13:14:11,-07:00,2025-10-10T13:14:11-07:00,1,16
style.css,43,css,d03dd021,hannah sky,2025-10-10,13:14:11,-07:00,2025-10-10T13:14:11-07:00,0,0
style.css,44,css,d03dd021,hannah sky,2025-10-10,13:14:11,-07:00,2025-10-10T13:14:11-07:00,0,0
style.css,45,css,d03dd021,hannah sky,2025-10-10,13:14:11,-07:00,2025-10-10T13:14:11-07:00,0,24
style.css,46,css,d03dd021,hannah sky,2025-10-10,13:14:11,-07:00,2025-10-10T13:14:11-07:00,1,11
style.css,47,css,d03dd021,hannah sky,2025-10-10,13:14:11,-07:00,2025-10-10T13:14:11-07:00,1,10
style.css,48,css,d03dd021,hannah sky,2025-10-10,13:14:11,-07:00,2025-10-10T13:14:11-07:00,1,21
style.css,49,css,d03dd021,hannah sky,2025-10-10,13:14:11,-07:00,2025-10-10T13:14:11-07:00,1,13
style.css,50,css,d03dd021,hannah sky,2025-10-10,13:14:11,-07:00,2025-10-10T13:14:11-07:00,0,0
style.css,51,css,d03dd021,hannah sky,2025-10-10,13:14:11,-07:00,2025-10-10T13:14:11-07:00,0,0
style.css,52,css,d03dd021,hannah sky,2025-10-10,13:14:11,-07:00,2025-10-10T13:14:11-07:00,0,13
style.css,53,css,d03dd021,hannah sky,2025-10-10,13:14:11,-07:00,2025-10-10T13:14:11-07:00,1,15
style.css,54,css,d03dd021,hannah sky,2025-10-10,13:14:11,-07:00,2025-10-10T13:14:11-07:00,0,0
style.css,55,css,d03dd021,hannah sky,2025-10-10,13:14:11,-07:00,2025-10-10T13:14:11-07:00,0,0
style.css,56,css,d03dd021,hannah sky,2025-10-10,13:14:11,-07:00,2025-10-10T13:14:11-07:00,0,11
style.css,57,css,d03dd021,hannah sky,2025-10-10,13:14:11,-07:00,2025-10-10T13:14:11-07:00,1,12
style.css,58,css,d03dd021,hannah sky,2025-10-10,13:14:11,-07:00,2025-10-10T13:14:11-07:00,1,13
style.css,59,css,d03dd021,hannah sky,2025-10-10,13:14:11,-07:00,2025-10-10T13:14:11-07:00,1,14
style.css,60,css,d03dd021,hannah sky,2025-10-10,13:14:11,-07:00,2025-10-10T13:14:11-07:00,1,18
style.css,61,css,2a7f9816,hannah sky,2025-10-10,18:04:02,-07:00,2025-10-10T18:04:02-07:00,0,0
style.css,62,css,2a7f9816,hannah sky,2025-10-10,18:04:02,-07:00,2025-10-10T18:04:02-07:00,0,0
style.css,63,css,2a7f9816,hannah sky,2025-10-10,18:04:02,-07:00,2025-10-10T18:04:02-07:00,0,9
style.css,64,css,2a7f9816,hannah sky,2025-10-10,18:04:02,-07:00,2025-10-10T18:04:02-07:00,1,12
style.css,65,css,2a7f9816,hannah sky,2025-10-10,18:04:02,-07:00,2025-10-10T18:04:02-07:00,1,58
style.css,66,css,2a7f9816,hannah sky,2025-10-10,18:04:02,-07:00,2025-10-10T18:04:02-07:00,1,7
style.css,67,css,2a7f9816,hannah sky,2025-10-10,18:04:02,-07:00,2025-10-10T18:04:02-07:00,0,0
style.css,68,css,2a7f9816,hannah sky,2025-10-10,18:04:02,-07:00,2025-10-10T18:04:02-07:00,0,16
style.css,69,css,2a7f9816,hannah sky,2025-10-10,18:04:02,-07:00,2025-10-10T18:04:02-07:00,1,11
style.css,70,css,2a7f9816,hannah sky,2025-10-10,18:04:02,-07:00,2025-10-10T18:04:02-07:00,1,26
style.css,71,css,2a7f9816,hannah sky,2025-10-10,18:04:02,-07:00,2025-10-10T18:04:02-07:00,1,15
style.css,72,css,2a7f9816,hannah sky,2025-10-10,18:04:02,-07:00,2025-10-10T18:04:02-07:00,1,7
style.css,73,css,2a7f9816,hannah sky,2025-10-10,18:04:02,-07:00,2025-10-10T18:04:02-07:00,0,0
style.css,74,css,3dc715fb,Hannah,2025-11-01,17:42:09,-07:00,2025-11-01T17:42:09-07:00,0,13
style.css,75,css,3dc715fb,Hannah,2025-11-01,17:42:09,-07:00,2025-11-01T17:42:09-07:00,1,15
style.css,76,css,3dc715fb,Hannah,2025-11-01,17:42:09,-07:00,2025-11-01T17:42:09-07:00,1,12
style.css,77,css,3dc715fb,Hannah,2025-11-01,17:42:09,-07:00,2025-11-01T17:42:09-07:00,1,17
style.css,78,css,3dc715fb,Hannah,2025-11-01,17:42:09,-07:00,2025-11-01T17:42:09-07:00,1,13
style.css,79,css,3dc715fb,Hannah,2025-11-01,17:42:09,-07:00,2025-11-01T17:42:09-07:00,1,39
style.css,80,css,3dc715fb,Hannah,2025-11-01,17:42:09,-07:00,2025-11-01T17:42:09-07:00,0,0
style.css,81,css,a0496ffc,hannah sky,2025-10-10,18:49:14,-07:00,2025-10-10T18:49:14-07:00,0,0
style.css,82,css,a0496ffc,hannah sky,2025-10-10,18:49:14,-07:00,2025-10-10T18:49:14-07:00,0,13
style.css,83,css,a0496ffc,hannah sky,2025-10-10,18:49:14,-07:00,2025-10-10T18:49:14-07:00,1,10
style.css,84,css,a0496ffc,hannah sky,2025-10-10,18:49:14,-07:00,2025-10-10T18:49:14-07:00,1,11
style.css,85,css,a0496ffc,hannah sky,2025-10-10,18:49:14,-07:00,2025-10-10T18:49:14-07:00,1,19
style.css,86,css,a0496ffc,hannah sky,2025-10-10,18:49:14,-07:00,2025-10-10T18:49:14-07:00,1,16
style.css,87,css,a0496ffc,hannah sky,2025-10-10,18:49:14,-07:00,2025-10-10T18:49:14-07:00,1,19
style.css,88,css,a0496ffc,hannah sky,2025-10-10,18:49:14,-07:00,2025-10-10T18:49:14-07:00,0,0
style.css,89,css,ba70e60e,Hannah,2025-11-01,19:54:07,-07:00,2025-11-01T19:54:07-07:00,0,18
style.css,90,css,ba70e60e,Hannah,2025-11-01,19:54:07,-07:00,2025-11-01T19:54:07-07:00,1,10
style.css,91,css,ba70e60e,Hannah,2025-11-01,19:54:07,-07:00,2025-11-01T19:54:07-07:00,1,14
style.css,92,css,ba70e60e,Hannah,2025-11-01,19:54:07,-07:00,2025-11-01T19:54:07-07:00,1,11
style.css,93,css,ba70e60e,Hannah,2025-11-01,19:54:07,-07:00,2025-11-01T19:54:07-07:00,1,16
style.css,94,css,ba70e60e,Hannah,2025-11-01,19:54:07,-07:00,2025-11-01T19:54:07-07:00,1,13
style.css,95,css,ba70e60e,Hannah,2025-11-01,19:54:07,-07:00,2025-11-01T19:54:07-07:00,0,0
style.css,96,css,ba70e60e,Hannah,2025-11-01,19:54:07,-07:00,2025-11-01T19:54:07-07:00,0,0
style.css,97,css,ba70e60e,Hannah,2025-11-01,19:54:07,-07:00,2025-11-01T19:54:07-07:00,0,10
style.css,98,css,ba70e60e,Hannah,2025-11-01,19:54:07,-07:00,2025-11-01T19:54:07-07:00,1,12
style.css,99,css,ba70e60e,Hannah,2025-11-01,19:54:07,-07:00,2025-11-01T19:54:07-07:00,1,18
style.css,100,css,ba70e60e,Hannah,2025-11-01,19:54:07,-07:00,2025-11-01T19:54:07-07:00,1,7
style.css,101,css,ba70e60e,Hannah,2025-11-01,19:54:07,-07:00,2025-11-01T19:54:07-07:00,1,16
style.css,102,css,ba70e60e,Hannah,2025-11-01,19:54:07,-07:00,2025-11-01T19:54:07-07:00,0,0
style.css,103,css,ba70e60e,Hannah,2025-11-01,19:54:07,-07:00,2025-11-01T19:54:07-07:00,0,0
style.css,104,css,ba70e60e,Hannah,2025-11-01,19:54:07,-07:00,2025-11-01T19:54:07-07:00,0,20
style.css,105,css,ba70e60e,Hannah,2025-11-01,19:54:07,-07:00,2025-11-01T19:54:07-07:00,0,7
style.css,106,css,ba70e60e,Hannah,2025-11-01,19:54:07,-07:00,2025-11-01T19:54:07-07:00,1,12
style.css,107,css,ba70e60e,Hannah,2025-11-01,19:54:07,-07:00,2025-11-01T19:54:07-07:00,1,14
style.css,108,css,ba70e60e,Hannah,2025-11-01,19:54:07,-07:00,2025-11-01T19:54:07-07:00,1,9
style.css,109,css,ba70e60e,Hannah,2025-11-01,19:54:07,-07:00,2025-11-01T19:54:07-07:00,0,0
style.css,110,css,ba70e60e,Hannah,2025-11-01,19:54:07,-07:00,2025-11-01T19:54:07-07:00,1,15
style.css,111,css,ba70e60e,Hannah,2025-11-01,19:54:07,-07:00,2025-11-01T19:54:07-07:00,1,11
style.css,112,css,ba70e60e,Hannah,2025-11-01,19:54:07,-07:00,2025-11-01T19:54:07-07:00,1,14
style.css,113,css,ba70e60e,Hannah,2025-11-01,19:54:07,-07:00,2025-11-01T19:54:07-07:00,0,0
style.css,114,css,ba70e60e,Hannah,2025-11-01,19:54:07,-07:00,2025-11-01T19:54:07-07:00,1,36
style.css,115,css,ba70e60e,Hannah,2025-11-01,19:54:07,-07:00,2025-11-01T19:54:07-07:00,1,19
style.css,116,css,ba70e60e,Hannah,2025-11-01,19:54:07,-07:00,2025-11-01T19:54:07-07:00,1,68
style.css,117,css,ba70e60e,Hannah,2025-11-01,19:54:07,-07:00,2025-11-01T19:54:07-07:00,0,0
style.css,118,css,ba70e60e,Hannah,2025-11-01,19:54:07,-07:00,2025-11-01T19:54:07-07:00,0,0
style.css,119,css,ba70e60e,Hannah,2025-11-01,19:54:07,-07:00,2025-11-01T19:54:07-07:00,0,12
style.css,120,css,ba70e60e,Hannah,2025-11-01,19:54:07,-07:00,2025-11-01T19:54:07-07:00,1,12
style.css,121,css,ba70e60e,Hannah,2025-11-01,19:54:07,-07:00,2025-11-01T19:54:07-07:00,1,18
style.css,122,css,ba70e60e,Hannah,2025-11-01,19:54:07,-07:00,2025-11-01T19:54:07-07:00,1,9
style.css,123,css,ba70e60e,Hannah,2025-11-01,19:54:07,-07:00,2025-11-01T19:54:07-07:00,0,0
style.css,124,css,ba70e60e,Hannah,2025-11-01,19:54:07,-07:00,2025-11-01T19:54:07-07:00,1,13
style.css,125,css,ba70e60e,Hannah,2025-11-01,19:54:07,-07:00,2025-11-01T19:54:07-07:00,1,13
style.css,126,css,ba70e60e,Hannah,2025-11-01,19:54:07,-07:00,2025-11-01T19:54:07-07:00,1,34
style.css,127,css,ba70e60e,Hannah,2025-11-01,19:54:07,-07:00,2025-11-01T19:54:07-07:00,0,0
style.css,128,css,ba70e60e,Hannah,2025-11-01,19:54:07,-07:00,2025-11-01T19:54:07-07:00,0,0
style.css,129,css,ba70e60e,Hannah,2025-11-01,19:54:07,-07:00,2025-11-01T19:54:07-07:00,0,7
style.css,130,css,ba70e60e,Hannah,2025-11-01,19:54:07,-07:00,2025-11-01T19:54:07-07:00,1,9
style.css,131,css,ba70e60e,Hannah,2025-11-01,19:54:07,-07:00,2025-11-01T19:54:07-07:00,1,18
style.css,132,css,ba70e60e,Hannah,2025-11-01,19:54:07,-07:00,2025-11-01T19:54:07-07:00,1,29
style.css,133,css,ba70e60e,Hannah,2025-11-01,19:54:07,-07:00,2025-11-01T19:54:07-07:00,1,20
style.css,134,css,ba70e60e,Hannah,2025-11-01,19:54:07,-07:00,2025-11-01T19:54:07-07:00,1,19
style.css,135,css,ba70e60e,Hannah,2025-11-01,19:54:07,-07:00,2025-11-01T19:54:07-07:00,1,35
style.css,136,css,ba70e60e,Hannah,2025-11-01,19:54:07,-07:00,2025-11-01T19:54:07-07:00,0,0
style.css,137,css,ba70e60e,Hannah,2025-11-01,19:54:07,-07:00,2025-11-01T19:54:07-07:00,0,0
style.css,138,css,ba70e60e,Hannah,2025-11-01,19:54:07,-07:00,2025-11-01T19:54:07-07:00,0,17
style.css,139,css,ba70e60e,Hannah,2025-11-01,19:54:07,-07:00,2025-11-01T19:54:07-07:00,1,16
style.css,140,css,ba70e60e,Hannah,2025-11-01,19:54:07,-07:00,2025-11-01T19:54:07-07:00,2,11
style.css,141,css,ba70e60e,Hannah,2025-11-01,19:54:07,-07:00,2025-11-01T19:54:07-07:00,1,0
style.css,142,css,ba70e60e,Hannah,2025-11-01,19:54:07,-07:00,2025-11-01T19:54:07-07:00,0,0
style.css,143,css,ba70e60e,Hannah,2025-11-01,19:54:07,-07:00,2025-11-01T19:54:07-07:00,0,4
style.css,144,css,ba70e60e,Hannah,2025-11-01,19:54:07,-07:00,2025-11-01T19:54:07-07:00,1,16
style.css,145,css,b528b9de,Hannah,2025-11-01,20:14:00,-07:00,2025-11-01T20:14:00-07:00,1,14
style.css,146,css,b528b9de,Hannah,2025-11-01,20:14:00,-07:00,2025-11-01T20:14:00-07:00,0,0
style.css,147,css,ba70e60e,Hannah,2025-11-01,19:54:07,-07:00,2025-11-01T19:54:07-07:00,0,0
style.css,148,css,ba70e60e,Hannah,2025-11-01,19:54:07,-07:00,2025-11-01T19:54:07-07:00,0,0
style.css,149,css,b528b9de,Hannah,2025-11-01,20:14:00,-07:00,2025-11-01T20:14:00-07:00,0,9
style.css,150,css,b528b9de,Hannah,2025-11-01,20:14:00,-07:00,2025-11-01T20:14:00-07:00,1,35
style.css,151,css,b528b9de,Hannah,2025-11-01,20:14:00,-07:00,2025-11-01T20:14:00-07:00,0,0
style.css,152,css,b528b9de,Hannah,2025-11-01,20:14:00,-07:00,2025-11-01T20:14:00-07:00,1,10
style.css,153,css,b528b9de,Hannah,2025-11-01,20:14:00,-07:00,2025-11-01T20:14:00-07:00,2,17
style.css,154,css,b528b9de,Hannah,2025-11-01,20:14:00,-07:00,2025-11-01T20:14:00-07:00,1,0
style.css,155,css,b528b9de,Hannah,2025-11-01,20:14:00,-07:00,2025-11-01T20:14:00-07:00,0,0
style.css,156,css,2a7f9816,hannah sky,2025-10-10,18:04:02,-07:00,2025-10-10T18:04:02-07:00,0,1
style.css,157,css,2a7f9816,hannah sky,2025-10-10,18:04:02,-07:00,2025-10-10T18:04:02-07:00,1,14
style.css,158,css,2a7f9816,hannah sky,2025-10-10,18:04:02,-07:00,2025-10-10T18:04:02-07:00,1,15
style.css,159,css,2a7f9816,hannah sky,2025-10-10,18:04:02,-07:00,2025-10-10T18:04:02-07:00,1,16
style.css,160,css,2a7f9816,hannah sky,2025-10-10,18:04:02,-07:00,2025-10-10T18:04:02-07:00,0,0
style.css,161,css,2a7f9816,hannah sky,2025-10-10,18:04:02,-07:00,2025-10-10T18:04:02-07:00,0,0
style.css,162,css,2a7f9816,hannah sky,2025-10-10,18:04:02,-07:00,2025-10-10T18:04:02-07:00,0,22
style.css,163,css,2a7f9816,hannah sky,2025-10-10,18:04:02,-07:00,2025-10-10T18:04:02-07:00,1,15
style.css,164,css,2a7f9816,hannah sky,2025-10-10,18:04:02,-07:00,2025-10-10T18:04:02-07:00,1,17
style.css,165,css,fa030b4a,hannah sky,2025-10-10,18:21:56,-07:00,2025-10-10T18:21:56-07:00,0,0
style.css,166,css,fa030b4a,hannah sky,2025-10-10,18:21:56,-07:00,2025-10-10T18:21:56-07:00,0,0
style.css,167,css,fa030b4a,hannah sky,2025-10-10,18:21:56,-07:00,2025-10-10T18:21:56-07:00,0,7
style.css,168,css,fa030b4a,hannah sky,2025-10-10,18:21:56,-07:00,2025-10-10T18:21:56-07:00,1,13
style.css,169,css,fa030b4a,hannah sky,2025-10-10,18:21:56,-07:00,2025-10-10T18:21:56-07:00,1,14
style.css,170,css,fa030b4a,hannah sky,2025-10-10,18:21:56,-07:00,2025-10-10T18:21:56-07:00,0,0
style.css,171,css,fa030b4a,hannah sky,2025-10-10,18:21:56,-07:00,2025-10-10T18:21:56-07:00,0,0
style.css,172,css,fa030b4a,hannah sky,2025-10-10,18:21:56,-07:00,2025-10-10T18:21:56-07:00,0,15
style.css,173,css,fa030b4a,hannah sky,2025-10-10,18:21:56,-07:00,2025-10-10T18:21:56-07:00,1,19
style.css,174,css,fa030b4a,hannah sky,2025-10-10,18:21:56,-07:00,2025-10-10T18:21:56-07:00,0,0
style.css,175,css,fa030b4a,hannah sky,2025-10-10,18:21:56,-07:00,2025-10-10T18:21:56-07:00,0,0
style.css,176,css,a0496ffc,hannah sky,2025-10-10,18:49:14,-07:00,2025-10-10T18:49:14-07:00,0,0
style.css,177,css,fa030b4a,hannah sky,2025-10-10,18:21:56,-07:00,2025-10-10T18:21:56-07:00,0,10
style.css,178,css,fa030b4a,hannah sky,2025-10-10,18:21:56,-07:00,2025-10-10T18:21:56-07:00,1,54
style.css,179,css,fa030b4a,hannah sky,2025-10-10,18:21:56,-07:00,2025-10-10T18:21:56-07:00,1,20
style.css,180,css,fa030b4a,hannah sky,2025-10-10,18:21:56,-07:00,2025-10-10T18:21:56-07:00,1,17
style.css,181,css,fa030b4a,hannah sky,2025-10-10,18:21:56,-07:00,2025-10-10T18:21:56-07:00,1,25
style.css,182,css,fa030b4a,hannah sky,2025-10-10,18:21:56,-07:00,2025-10-10T18:21:56-07:00,0,0
style.css,183,css,fa030b4a,hannah sky,2025-10-10,18:21:56,-07:00,2025-10-10T18:21:56-07:00,0,0
style.css,184,css,fa030b4a,hannah sky,2025-10-10,18:21:56,-07:00,2025-10-10T18:21:56-07:00,0,10
style.css,185,css,fa030b4a,hannah sky,2025-10-10,18:21:56,-07:00,2025-10-10T18:21:56-07:00,1,12
style.css,186,css,fa030b4a,hannah sky,2025-10-10,18:21:56,-07:00,2025-10-10T18:21:56-07:00,1,30
style.css,187,css,fa030b4a,hannah sky,2025-10-10,18:21:56,-07:00,2025-10-10T18:21:56-07:00,1,20
style.css,188,css,fa030b4a,hannah sky,2025-10-10,18:21:56,-07:00,2025-10-10T18:21:56-07:00,1,14
style.css,189,css,fa030b4a,hannah sky,2025-10-10,18:21:56,-07:00,2025-10-10T18:21:56-07:00,1,19
style.css,190,css,fa030b4a,hannah sky,2025-10-10,18:21:56,-07:00,2025-10-10T18:21:56-07:00,0,0
style.css,191,css,fa030b4a,hannah sky,2025-10-10,18:21:56,-07:00,2025-10-10T18:21:56-07:00,0,0
style.css,192,css,fa030b4a,hannah sky,2025-10-10,18:21:56,-07:00,2025-10-10T18:21:56-07:00,0,12
style.css,193,css,fa030b4a,hannah sky,2025-10-10,18:21:56,-07:00,2025-10-10T18:21:56-07:00,1,15
style.css,194,css,fa030b4a,hannah sky,2025-10-10,18:21:56,-07:00,2025-10-10T18:21:56-07:00,1,26
style.css,195,css,fa030b4a,hannah sky,2025-10-10,18:21:56,-07:00,2025-10-10T18:21:56-07:00,0,0
style.css,196,css,fa030b4a,hannah sky,2025-10-10,18:21:56,-07:00,2025-10-10T18:21:56-07:00,0,0
style.css,197,css,fa030b4a,hannah sky,2025-10-10,18:21:56,-07:00,2025-10-10T18:21:56-07:00,0,9
style.css,198,css,fa030b4a,hannah sky,2025-10-10,18:21:56,-07:00,2025-10-10T18:21:56-07:00,1,22
style.css,199,css,fa030b4a,hannah sky,2025-10-10,18:21:56,-07:00,2025-10-10T18:21:56-07:00,0,0
style.css,200,css,fa030b4a,hannah sky,2025-10-10,18:21:56,-07:00,2025-10-10T18:21:56-07:00,0,0
style.css,201,css,fa030b4a,hannah sky,2025-10-10,18:21:56,-07:00,2025-10-10T18:21:56-07:00,0,10
style.css,202,css,fa030b4a,hannah sky,2025-10-10,18:21:56,-07:00,2025-10-10T18:21:56-07:00,1,17
style.css,203,css,fa030b4a,hannah sky,2025-10-10,18:21:56,-07:00,2025-10-10T18:21:56-07:00,1,18
style.css,204,css,fa030b4a,hannah sky,2025-10-10,18:21:56,-07:00,2025-10-10T18:21:56-07:00,0,0
style.css,205,css,fa030b4a,hannah sky,2025-10-10,18:21:56,-07:00,2025-10-10T18:21:56-07:00,0,0
style.css,206,css,fa030b4a,hannah sky,2025-10-10,18:21:56,-07:00,2025-10-10T18:21:56-07:00,0,10
style.css,207,css,fa030b4a,hannah sky,2025-10-10,18:21:56,-07:00,2025-10-10T18:21:56-07:00,1,19
style.css,208,css,fa030b4a,hannah sky,2025-10-10,18:21:56,-07:00,2025-10-10T18:21:56-07:00,0,0
style.css,209,css,fa030b4a,hannah sky,2025-10-10,18:21:56,-07:00,2025-10-10T18:21:56-07:00,0,0
style.css,210,css,fa030b4a,hannah sky,2025-10-10,18:21:56,-07:00,2025-10-10T18:21:56-07:00,0,14
style.css,211,css,fa030b4a,hannah sky,2025-10-10,18:21:56,-07:00,2025-10-10T18:21:56-07:00,1,34
style.css,212,css,fa030b4a,hannah sky,2025-10-10,18:21:56,-07:00,2025-10-10T18:21:56-07:00,0,0
style.css,213,css,fa030b4a,hannah sky,2025-10-10,18:21:56,-07:00,2025-10-10T18:21:56-07:00,0,0
style.css,214,css,fa030b4a,hannah sky,2025-10-10,18:21:56,-07:00,2025-10-10T18:21:56-07:00,0,25
style.css,215,css,fa030b4a,hannah sky,2025-10-10,18:21:56,-07:00,2025-10-10T18:21:56-07:00,1,10
style.css,216,css,fa030b4a,hannah sky,2025-10-10,18:21:56,-07:00,2025-10-10T18:21:56-07:00,2,25
style.css,217,css,fa030b4a,hannah sky,2025-10-10,18:21:56,-07:00,2025-10-10T18:21:56-07:00,1,0
style.css,218,css,fa030b4a,hannah sky,2025-10-10,18:21:56,-07:00,2025-10-10T18:21:56-07:00,0,0
style.css,219,css,fa030b4a,hannah sky,2025-10-10,18:21:56,-07:00,2025-10-10T18:21:56-07:00,1,12
style.css,220,css,fa030b4a,hannah sky,2025-10-10,18:21:56,-07:00,2025-10-10T18:21:56-07:00,2,16
style.css,221,css,fa030b4a,hannah sky,2025-10-10,18:21:56,-07:00,2025-10-10T18:21:56-07:00,1,0
style.css,222,css,d25e54b8,hannah sky,2025-10-17,19:14:18,-07:00,2025-10-17T19:14:18-07:00,0,0
style.css,223,css,d25e54b8,hannah sky,2025-10-17,19:14:18,-07:00,2025-10-17T19:14:18-07:00,0,0
style.css,224,css,d25e54b8,hannah sky,2025-10-17,19:14:18,-07:00,2025-10-17T19:14:18-07:00,0,0
style.css,225,css,d25e54b8,hannah sky,2025-10-17,19:14:18,-07:00,2025-10-17T19:14:18-07:00,0,5
style.css,226,css,d25e54b8,hannah sky,2025-10-17,19:14:18,-07:00,2025-10-17T19:14:18-07:00,1,23
style.css,227,css,d25e54b8,hannah sky,2025-10-17,19:14:18,-07:00,2025-10-17T19:14:18-07:00,0,0
style.css,228,css,d25e54b8,hannah sky,2025-10-17,19:14:18,-07:00,2025-10-17T19:14:18-07:00,0,0
style.css,229,css,d25e54b8,hannah sky,2025-10-17,19:14:18,-07:00,2025-10-17T19:14:18-07:00,0,19
style.css,230,css,d25e54b8,hannah sky,2025-10-17,19:14:18,-07:00,2025-10-17T19:14:18-07:00,0,13
style.css,231,css,d25e54b8,hannah sky,2025-10-17,19:14:18,-07:00,2025-10-17T19:14:18-07:00,1,17
style.css,232,css,d25e54b8,hannah sky,2025-10-17,19:14:18,-07:00,2025-10-17T19:14:18-07:00,1,8
style.css,233,css,d25e54b8,hannah sky,2025-10-17,19:14:18,-07:00,2025-10-17T19:14:18-07:00,1,10
style.css,234,css,d25e54b8,hannah sky,2025-10-17,19:14:18,-07:00,2025-10-17T19:14:18-07:00,1,13
style.css,235,css,d25e54b8,hannah sky,2025-10-17,19:14:18,-07:00,2025-10-17T19:14:18-07:00,0,0
style.css,236,css,d25e54b8,hannah sky,2025-10-17,19:14:18,-07:00,2025-10-17T19:14:18-07:00,0,0
style.css,237,css,d25e54b8,hannah sky,2025-10-17,19:14:18,-07:00,2025-10-17T19:14:18-07:00,0,31
style.css,238,css,d25e54b8,hannah sky,2025-10-17,19:14:18,-07:00,2025-10-17T19:14:18-07:00,1,19
style.css,239,css,959c2a94,hannah sky,2025-10-25,17:36:57,-07:00,2025-10-25T17:36:57-07:00,0,0
style.css,240,css,959c2a94,hannah sky,2025-10-25,17:36:57,-07:00,2025-10-25T17:36:57-07:00,0,0
style.css,241,css,959c2a94,hannah sky,2025-10-25,17:36:57,-07:00,2025-10-25T17:36:57-07:00,0,17
style.css,242,css,959c2a94,hannah sky,2025-10-25,17:36:57,-07:00,2025-10-25T17:36:57-07:00,1,12
style.css,243,css,959c2a94,hannah sky,2025-10-25,17:36:57,-07:00,2025-10-25T17:36:57-07:00,1,14
style.css,244,css,959c2a94,hannah sky,2025-10-25,17:36:57,-07:00,2025-10-25T17:36:57-07:00,1,10
style.css,245,css,959c2a94,hannah sky,2025-10-25,17:36:57,-07:00,2025-10-25T17:36:57-07:00,1,8
style.css,246,css,959c2a94,hannah sky,2025-10-25,17:36:57,-07:00,2025-10-25T17:36:57-07:00,0,0
style.css,247,css,959c2a94,hannah sky,2025-10-25,17:36:57,-07:00,2025-10-25T17:36:57-07:00,0,0
style.css,248,css,959c2a94,hannah sky,2025-10-25,17:36:57,-07:00,2025-10-25T17:36:57-07:00,0,17
style.css,249,css,959c2a94,hannah sky,2025-10-25,17:36:57,-07:00,2025-10-25T17:36:57-07:00,1,15
style.css,250,css,959c2a94,hannah sky,2025-10-25,17:36:57,-07:00,2025-10-25T17:36:57-07:00,1,10
style.css,251,css,959c2a94,hannah sky,2025-10-25,17:36:57,-07:00,2025-10-25T17:36:57-07:00,0,0
style.css,252,css,959c2a94,hannah sky,2025-10-25,17:36:57,-07:00,2025-10-25T17:36:57-07:00,0,0
style.css,253,css,959c2a94,hannah sky,2025-10-25,17:36:57,-07:00,2025-10-25T17:36:57-07:00,0,17
style.css,254,css,959c2a94,hannah sky,2025-10-25,17:36:57,-07:00,2025-10-25T17:36:57-07:00,1,8
style.css,255,css,959c2a94,hannah sky,2025-10-25,17:36:57,-07:00,2025-10-25T17:36:57-07:00,1,19
style.css,256,css,959c2a94,hannah sky,2025-10-25,17:36:57,-07:00,2025-10-25T17:36:57-07:00,1,15
style.css,257,css,959c2a94,hannah sky,2025-10-25,17:36:57,-07:00,2025-10-25T17:36:57-07:00,1,10
style.css,258,css,959c2a94,hannah sky,2025-10-25,17:36:57,-07:00,2025-10-25T17:36:57-07:00,0,0
index.js,1,js,2a7ecccb,hannah sky,2025-10-25,20:10:50,-07:00,2025-10-25T20:10:50-07:00,0,71
index.js,2,js,2a7ecccb,hannah sky,2025-10-25,20:10:50,-07:00,2025-10-25T20:10:50-07:00,0,0
index.js,3,js,2a7ecccb,hannah sky,2025-10-25,20:10:50,-07:00,2025-10-25T20:10:50-07:00,0,54
index.js,4,js,17d059f2,hannah sky,2025-10-25,16:01:24,-07:00,2025-10-25T16:01:24-07:00,0,42
index.js,5,js,17d059f2,hannah sky,2025-10-25,16:01:24,-07:00,2025-10-25T16:01:24-07:00,0,60
index.js,6,js,959c2a94,hannah sky,2025-10-25,17:36:57,-07:00,2025-10-25T17:36:57-07:00,0,54
index.js,7,js,959c2a94,hannah sky,2025-10-25,17:36:57,-07:00,2025-10-25T17:36:57-07:00,0,53
index.js,8,js,959c2a94,hannah sky,2025-10-25,17:36:57,-07:00,2025-10-25T17:36:57-07:00,0,60
index.js,9,js,959c2a94,hannah sky,2025-10-25,17:36:57,-07:00,2025-10-25T17:36:57-07:00,0,0
index.js,10,js,959c2a94,hannah sky,2025-10-25,17:36:57,-07:00,2025-10-25T17:36:57-07:00,0,31
index.js,11,js,959c2a94,hannah sky,2025-10-25,17:36:57,-07:00,2025-10-25T17:36:57-07:00,1,24
index.js,12,js,959c2a94,hannah sky,2025-10-25,17:36:57,-07:00,2025-10-25T17:36:57-07:00,4,2
index.js,13,js,959c2a94,hannah sky,2025-10-25,17:36:57,-07:00,2025-10-25T17:36:57-07:00,5,55
index.js,14,js,959c2a94,hannah sky,2025-10-25,17:36:57,-07:00,2025-10-25T17:36:57-07:00,5,55
index.js,15,js,959c2a94,hannah sky,2025-10-25,17:36:57,-07:00,2025-10-25T17:36:57-07:00,5,49
index.js,16,js,959c2a94,hannah sky,2025-10-25,17:36:57,-07:00,2025-10-25T17:36:57-07:00,5,49
index.js,17,js,959c2a94,hannah sky,2025-10-25,17:36:57,-07:00,2025-10-25T17:36:57-07:00,5,82
index.js,18,js,959c2a94,hannah sky,2025-10-25,17:36:57,-07:00,2025-10-25T17:36:57-07:00,4,3
index.js,19,js,959c2a94,hannah sky,2025-10-25,17:36:57,-07:00,2025-10-25T17:36:57-07:00,2,0
index.js,20,js,959c2a94,hannah sky,2025-10-25,17:36:57,-07:00,2025-10-25T17:36:57-07:00,0,0
index.html,1,html,ab818612,hannah sky,2025-09-28,23:35:07,-07:00,2025-09-28T23:35:07-07:00,0,13
index.html,2,html,ab818612,hannah sky,2025-09-28,23:35:07,-07:00,2025-09-28T23:35:07-07:00,0,14
index.html,3,html,ab818612,hannah sky,2025-09-28,23:35:07,-07:00,2025-09-28T23:35:07-07:00,0,4
index.html,4,html,ab818612,hannah sky,2025-09-28,23:35:07,-07:00,2025-09-28T23:35:07-07:00,2,20
index.html,5,html,ab818612,hannah sky,2025-09-28,23:35:07,-07:00,2025-09-28T23:35:07-07:00,2,68
index.html,6,html,ab818612,hannah sky,2025-09-28,23:35:07,-07:00,2025-09-28T23:35:07-07:00,2,61
index.html,7,html,f8a36a68,hannah sky,2025-10-10,12:38:02,-07:00,2025-10-10T12:38:02-07:00,2,38
index.html,8,html,ab818612,hannah sky,2025-09-28,23:35:07,-07:00,2025-09-28T23:35:07-07:00,0,5
index.html,9,html,ab818612,hannah sky,2025-09-28,23:35:07,-07:00,2025-09-28T23:35:07-07:00,0,4
index.html,10,html,5a0d9398,hannah sky,2025-10-15,00:12:29,-07:00,2025-10-15T00:12:29-07:00,2,2
index.html,11,html,df256163,hannah sky,2025-09-29,01:47:07,-07:00,2025-09-29T01:47:07-07:00,2,3
index.html,12,html,5a0d9398,hannah sky,2025-10-15,00:12:29,-07:00,2025-10-15T00:12:29-07:00,3,27
index.html,13,html,5a0d9398,hannah sky,2025-10-15,00:12:29,-07:00,2025-10-15T00:12:29-07:00,3,40
index.html,14,html,5a0d9398,hannah sky,2025-10-15,00:12:29,-07:00,2025-10-15T00:12:29-07:00,3,36
index.html,15,html,5a0d9398,hannah sky,2025-10-15,00:12:29,-07:00,2025-10-15T00:12:29-07:00,3,38
index.html,16,html,5a0d9398,hannah sky,2025-10-15,00:12:29,-07:00,2025-10-15T00:12:29-07:00,3,64
index.html,17,html,5a0d9398,hannah sky,2025-10-15,00:12:29,-07:00,2025-10-15T00:12:29-07:00,2,4
index.html,18,html,5a0d9398,hannah sky,2025-10-15,00:12:29,-07:00,2025-10-15T00:12:29-07:00,2,1
index.html,19,html,df256163,hannah sky,2025-09-29,01:47:07,-07:00,2025-09-29T01:47:07-07:00,0,0
index.html,20,html,ab818612,hannah sky,2025-09-28,23:35:07,-07:00,2025-09-28T23:35:07-07:00,2,26
index.html,21,html,34848424,Hannah,2025-09-30,16:40:48,-07:00,2025-09-30T16:40:48-07:00,2,16
index.html,22,html,ab818612,hannah sky,2025-09-28,23:35:07,-07:00,2025-09-28T23:35:07-07:00,2,229
index.html,23,html,df256163,hannah sky,2025-09-29,01:47:07,-07:00,2025-09-29T01:47:07-07:00,2,74
index.html,24,html,34848424,Hannah,2025-09-30,16:40:48,-07:00,2025-09-30T16:40:48-07:00,0,0
index.html,25,html,34848424,Hannah,2025-09-30,16:40:48,-07:00,2025-09-30T16:40:48-07:00,2,27
index.html,26,html,34848424,Hannah,2025-09-30,16:40:48,-07:00,2025-09-30T16:40:48-07:00,2,2
index.html,27,html,34848424,Hannah,2025-09-30,16:40:48,-07:00,2025-09-30T16:40:48-07:00,4,49
index.html,28,html,34848424,Hannah,2025-09-30,16:40:48,-07:00,2025-09-30T16:40:48-07:00,4,39
index.html,29,html,34848424,Hannah,2025-09-30,16:40:48,-07:00,2025-09-30T16:40:48-07:00,4,33
index.html,30,html,34848424,Hannah,2025-09-30,16:40:48,-07:00,2025-09-30T16:40:48-07:00,4,30
index.html,31,html,5a0d9398,hannah sky,2025-10-15,00:12:29,-07:00,2025-10-15T00:12:29-07:00,0,0
index.html,32,html,17d059f2,hannah sky,2025-10-25,16:01:24,-07:00,2025-10-25T16:01:24-07:00,2,3
index.html,33,html,17d059f2,hannah sky,2025-10-25,16:01:24,-07:00,2025-10-25T16:01:24-07:00,2,22
index.html,34,html,17d059f2,hannah sky,2025-10-25,16:01:24,-07:00,2025-10-25T16:01:24-07:00,2,20
index.html,35,html,17d059f2,hannah sky,2025-10-25,16:01:24,-07:00,2025-10-25T16:01:24-07:00,2,47
index.html,36,html,17d059f2,hannah sky,2025-10-25,16:01:24,-07:00,2025-10-25T16:01:24-07:00,2,4
index.html,37,html,959c2a94,hannah sky,2025-10-25,17:36:57,-07:00,2025-10-25T17:36:57-07:00,2,27
index.html,38,html,959c2a94,hannah sky,2025-10-25,17:36:57,-07:00,2025-10-25T17:36:57-07:00,2,30
index.html,39,html,5c4d25da,hannah sky,2025-10-25,20:21:29,-07:00,2025-10-25T20:21:29-07:00,2,47
index.html,40,html,2a7ecccb,hannah sky,2025-10-25,20:10:50,-07:00,2025-10-25T20:10:50-07:00,2,44
index.html,41,html,2a7ecccb,hannah sky,2025-10-25,20:10:50,-07:00,2025-10-25T20:10:50-07:00,2,49
index.html,42,html,2a7ecccb,hannah sky,2025-10-25,20:10:50,-07:00,2025-10-25T20:10:50-07:00,0,1
index.html,43,html,290c978e,hannah sky,2025-10-25,19:50:45,-07:00,2025-10-25T19:50:45-07:00,0,5
index.html,44,html,ab818612,hannah sky,2025-09-28,23:35:07,-07:00,2025-09-28T23:35:07-07:00,0,5
global.js,1,js,5c4d25da,hannah sky,2025-10-25,20:21:29,-07:00,2025-10-25T20:21:29-07:00,0,25
global.js,2,js,5c4d25da,hannah sky,2025-10-25,20:21:29,-07:00,2025-10-25T20:21:29-07:00,0,0
global.js,3,js,5c4d25da,hannah sky,2025-10-25,20:21:29,-07:00,2025-10-25T20:21:29-07:00,0,43
global.js,4,js,5c4d25da,hannah sky,2025-10-25,20:21:29,-07:00,2025-10-25T20:21:29-07:00,0,55
global.js,5,js,5c4d25da,hannah sky,2025-10-25,20:21:29,-07:00,2025-10-25T20:21:29-07:00,0,1
global.js,6,js,5c4d25da,hannah sky,2025-10-25,20:21:29,-07:00,2025-10-25T20:21:29-07:00,0,11
global.js,7,js,5c4d25da,hannah sky,2025-10-25,20:21:29,-07:00,2025-10-25T20:21:29-07:00,0,32
global.js,8,js,5c4d25da,hannah sky,2025-10-25,20:21:29,-07:00,2025-10-25T20:21:29-07:00,0,69
global.js,9,js,5c4d25da,hannah sky,2025-10-25,20:21:29,-07:00,2025-10-25T20:21:29-07:00,0,2
global.js,10,js,5c4d25da,hannah sky,2025-10-25,20:21:29,-07:00,2025-10-25T20:21:29-07:00,0,37
global.js,11,js,5c4d25da,hannah sky,2025-10-25,20:21:29,-07:00,2025-10-25T20:21:29-07:00,0,18
global.js,12,js,5c4d25da,hannah sky,2025-10-25,20:21:29,-07:00,2025-10-25T20:21:29-07:00,1,34
global.js,13,js,5c4d25da,hannah sky,2025-10-25,20:21:29,-07:00,2025-10-25T20:21:29-07:00,1,37
global.js,14,js,5c4d25da,hannah sky,2025-10-25,20:21:29,-07:00,2025-10-25T20:21:29-07:00,0,1
global.js,15,js,5c4d25da,hannah sky,2025-10-25,20:21:29,-07:00,2025-10-25T20:21:29-07:00,0,38
global.js,16,js,5a0d9398,hannah sky,2025-10-15,00:12:29,-07:00,2025-10-15T00:12:29-07:00,0,0
global.js,17,js,5a0d9398,hannah sky,2025-10-15,00:12:29,-07:00,2025-10-15T00:12:29-07:00,0,88
global.js,18,js,5a0d9398,hannah sky,2025-10-15,00:12:29,-07:00,2025-10-15T00:12:29-07:00,1,36
global.js,19,js,701f4a3d,hannah sky,2025-10-15,00:34:13,-07:00,2025-10-15T00:34:13-07:00,1,48
global.js,20,js,5c4d25da,hannah sky,2025-10-25,20:21:29,-07:00,2025-10-25T20:21:29-07:00,1,0
global.js,21,js,5a0d9398,hannah sky,2025-10-15,00:12:29,-07:00,2025-10-15T00:12:29-07:00,0,0
global.js,22,js,5c4d25da,hannah sky,2025-10-25,20:21:29,-07:00,2025-10-25T20:21:29-07:00,0,11
global.js,23,js,5c4d25da,hannah sky,2025-10-25,20:21:29,-07:00,2025-10-25T20:21:29-07:00,1,25
global.js,24,js,5c4d25da,hannah sky,2025-10-25,20:21:29,-07:00,2025-10-25T20:21:29-07:00,1,38
global.js,25,js,5c4d25da,hannah sky,2025-10-25,20:21:29,-07:00,2025-10-25T20:21:29-07:00,2,34
global.js,26,js,5c4d25da,hannah sky,2025-10-25,20:21:29,-07:00,2025-10-25T20:21:29-07:00,2,36
global.js,27,js,00000000,Not Committed Yet,2025-11-08,17:48:57,-08:00,2025-11-08T17:48:57-08:00,2,28
global.js,28,js,5c4d25da,hannah sky,2025-10-25,20:21:29,-07:00,2025-10-25T20:21:29-07:00,2,56
global.js,29,js,5c4d25da,hannah sky,2025-10-25,20:21:29,-07:00,2025-10-25T20:21:29-07:00,0,0
global.js,30,js,5c4d25da,hannah sky,2025-10-25,20:21:29,-07:00,2025-10-25T20:21:29-07:00,0,0
global.js,31,js,5c4d25da,hannah sky,2025-10-25,20:21:29,-07:00,2025-10-25T20:21:29-07:00,0,38
global.js,32,js,5c4d25da,hannah sky,2025-10-25,20:21:29,-07:00,2025-10-25T20:21:29-07:00,0,25
global.js,33,js,5c4d25da,hannah sky,2025-10-25,20:21:29,-07:00,2025-10-25T20:21:29-07:00,0,0
global.js,34,js,5c4d25da,hannah sky,2025-10-25,20:21:29,-07:00,2025-10-25T20:21:29-07:00,0,20
global.js,35,js,5c4d25da,hannah sky,2025-10-25,20:21:29,-07:00,2025-10-25T20:21:29-07:00,1,14
global.js,36,js,5c4d25da,hannah sky,2025-10-25,20:21:29,-07:00,2025-10-25T20:21:29-07:00,1,18
global.js,37,js,5c4d25da,hannah sky,2025-10-25,20:21:29,-07:00,2025-10-25T20:21:29-07:00,0,0
global.js,38,js,5c4d25da,hannah sky,2025-10-25,20:21:29,-07:00,2025-10-25T20:21:29-07:00,1,52
global.js,39,js,5c4d25da,hannah sky,2025-10-25,20:21:29,-07:00,2025-10-25T20:21:29-07:00,0,0
global.js,40,js,5c4d25da,hannah sky,2025-10-25,20:21:29,-07:00,2025-10-25T20:21:29-07:00,1,34
global.js,41,js,5c4d25da,hannah sky,2025-10-25,20:21:29,-07:00,2025-10-25T20:21:29-07:00,1,11
global.js,42,js,5c4d25da,hannah sky,2025-10-25,20:21:29,-07:00,2025-10-25T20:21:29-07:00,1,20
global.js,43,js,5c4d25da,hannah sky,2025-10-25,20:21:29,-07:00,2025-10-25T20:21:29-07:00,1,12
global.js,44,js,5c4d25da,hannah sky,2025-10-25,20:21:29,-07:00,2025-10-25T20:21:29-07:00,0,0
global.js,45,js,5c4d25da,hannah sky,2025-10-25,20:21:29,-07:00,2025-10-25T20:21:29-07:00,1,65
global.js,46,js,5c4d25da,hannah sky,2025-10-25,20:21:29,-07:00,2025-10-25T20:21:29-07:00,2,25
global.js,47,js,5c4d25da,hannah sky,2025-10-25,20:21:29,-07:00,2025-10-25T20:21:29-07:00,1,0
global.js,48,js,5c4d25da,hannah sky,2025-10-25,20:21:29,-07:00,2025-10-25T20:21:29-07:00,0,0
global.js,49,js,5c4d25da,hannah sky,2025-10-25,20:21:29,-07:00,2025-10-25T20:21:29-07:00,1,29
global.js,50,js,5c4d25da,hannah sky,2025-10-25,20:21:29,-07:00,2025-10-25T20:21:29-07:00,2,18
global.js,51,js,5c4d25da,hannah sky,2025-10-25,20:21:29,-07:00,2025-10-25T20:21:29-07:00,1,0
global.js,52,js,5c4d25da,hannah sky,2025-10-25,20:21:29,-07:00,2025-10-25T20:21:29-07:00,0,0
global.js,53,js,5c4d25da,hannah sky,2025-10-25,20:21:29,-07:00,2025-10-25T20:21:29-07:00,0,0
global.js,54,js,5c4d25da,hannah sky,2025-10-25,20:21:29,-07:00,2025-10-25T20:21:29-07:00,0,0
global.js,55,js,5c4d25da,hannah sky,2025-10-25,20:21:29,-07:00,2025-10-25T20:21:29-07:00,0,43
global.js,56,js,5c4d25da,hannah sky,2025-10-25,20:21:29,-07:00,2025-10-25T20:21:29-07:00,0,31
global.js,57,js,5c4d25da,hannah sky,2025-10-25,20:21:29,-07:00,2025-10-25T20:21:29-07:00,1,11
global.js,58,js,5c4d25da,hannah sky,2025-10-25,20:21:29,-07:00,2025-10-25T20:21:29-07:00,1,0
global.js,59,js,5c4d25da,hannah sky,2025-10-25,20:21:29,-07:00,2025-10-25T20:21:29-07:00,1,26
global.js,60,js,5c4d25da,hannah sky,2025-10-25,20:21:29,-07:00,2025-10-25T20:21:29-07:00,2,4
global.js,61,js,5c4d25da,hannah sky,2025-10-25,20:21:29,-07:00,2025-10-25T20:21:29-07:00,2,6
global.js,62,js,5c4d25da,hannah sky,2025-10-25,20:21:29,-07:00,2025-10-25T20:21:29-07:00,3,43
global.js,63,js,5c4d25da,hannah sky,2025-10-25,20:21:29,-07:00,2025-10-25T20:21:29-07:00,3,34
global.js,64,js,5c4d25da,hannah sky,2025-10-25,20:21:29,-07:00,2025-10-25T20:21:29-07:00,3,32
global.js,65,js,5c4d25da,hannah sky,2025-10-25,20:21:29,-07:00,2025-10-25T20:21:29-07:00,2,7
global.js,66,js,5c4d25da,hannah sky,2025-10-25,20:21:29,-07:00,2025-10-25T20:21:29-07:00,1,7
global.js,67,js,5c4d25da,hannah sky,2025-10-25,20:21:29,-07:00,2025-10-25T20:21:29-07:00,0,0
global.js,68,js,5c4d25da,hannah sky,2025-10-25,20:21:29,-07:00,2025-10-25T20:21:29-07:00,0,0
global.js,69,js,5c4d25da,hannah sky,2025-10-25,20:21:29,-07:00,2025-10-25T20:21:29-07:00,0,28
global.js,70,js,5c4d25da,hannah sky,2025-10-25,20:21:29,-07:00,2025-10-25T20:21:29-07:00,0,60
global.js,71,js,5c4d25da,hannah sky,2025-10-25,20:21:29,-07:00,2025-10-25T20:21:29-07:00,0,0
global.js,72,js,5c4d25da,hannah sky,2025-10-25,20:21:29,-07:00,2025-10-25T20:21:29-07:00,0,33
global.js,73,js,5c4d25da,hannah sky,2025-10-25,20:21:29,-07:00,2025-10-25T20:21:29-07:00,0,36
global.js,74,js,5c4d25da,hannah sky,2025-10-25,20:21:29,-07:00,2025-10-25T20:21:29-07:00,1,70
global.js,75,js,5c4d25da,hannah sky,2025-10-25,20:21:29,-07:00,2025-10-25T20:21:29-07:00,1,25
global.js,76,js,5c4d25da,hannah sky,2025-10-25,20:21:29,-07:00,2025-10-25T20:21:29-07:00,0,0
global.js,77,js,5c4d25da,hannah sky,2025-10-25,20:21:29,-07:00,2025-10-25T20:21:29-07:00,0,51
global.js,78,js,5c4d25da,hannah sky,2025-10-25,20:21:29,-07:00,2025-10-25T20:21:29-07:00,0,34
global.js,79,js,5c4d25da,hannah sky,2025-10-25,20:21:29,-07:00,2025-10-25T20:21:29-07:00,1,39
global.js,80,js,5c4d25da,hannah sky,2025-10-25,20:21:29,-07:00,2025-10-25T20:21:29-07:00,0,0
global.js,81,js,5c4d25da,hannah sky,2025-10-25,20:21:29,-07:00,2025-10-25T20:21:29-07:00,0,0
global.js,82,js,5c4d25da,hannah sky,2025-10-25,20:21:29,-07:00,2025-10-25T20:21:29-07:00,0,38
global.js,83,js,5c4d25da,hannah sky,2025-10-25,20:21:29,-07:00,2025-10-25T20:21:29-07:00,0,49
global.js,84,js,5c4d25da,hannah sky,2025-10-25,20:21:29,-07:00,2025-10-25T20:21:29-07:00,1,33
global.js,85,js,5c4d25da,hannah sky,2025-10-25,20:21:29,-07:00,2025-10-25T20:21:29-07:00,1,44
global.js,86,js,5c4d25da,hannah sky,2025-10-25,20:21:29,-07:00,2025-10-25T20:21:29-07:00,0,1
global.js,87,js,5c4d25da,hannah sky,2025-10-25,20:21:29,-07:00,2025-10-25T20:21:29-07:00,0,0
global.js,88,js,5c4d25da,hannah sky,2025-10-25,20:21:29,-07:00,2025-10-25T20:21:29-07:00,0,5
global.js,89,js,b3e20c60,hannah sky,2025-10-25,15:44:29,-07:00,2025-10-25T15:44:29-07:00,0,36
global.js,90,js,b3e20c60,hannah sky,2025-10-25,15:44:29,-07:00,2025-10-25T15:44:29-07:00,1,3
global.js,91,js,5c4d25da,hannah sky,2025-10-25,20:21:29,-07:00,2025-10-25T20:21:29-07:00,2,39
global.js,92,js,b3e20c60,hannah sky,2025-10-25,15:44:29,-07:00,2025-10-25T15:44:29-07:00,2,32
global.js,93,js,b3e20c60,hannah sky,2025-10-25,15:44:29,-07:00,2025-10-25T15:44:29-07:00,2,17
global.js,94,js,b3e20c60,hannah sky,2025-10-25,15:44:29,-07:00,2025-10-25T15:44:29-07:00,3,66
global.js,95,js,b3e20c60,hannah sky,2025-10-25,15:44:29,-07:00,2025-10-25T15:44:29-07:00,2,0
global.js,96,js,b3e20c60,hannah sky,2025-10-25,15:44:29,-07:00,2025-10-25T15:44:29-07:00,2,33
global.js,97,js,b3e20c60,hannah sky,2025-10-25,15:44:29,-07:00,2025-10-25T15:44:29-07:00,2,10
global.js,98,js,b3e20c60,hannah sky,2025-10-25,15:44:29,-07:00,2025-10-25T15:44:29-07:00,1,15
global.js,99,js,b3e20c60,hannah sky,2025-10-25,15:44:29,-07:00,2025-10-25T15:44:29-07:00,2,59
global.js,100,js,b3e20c60,hannah sky,2025-10-25,15:44:29,-07:00,2025-10-25T15:44:29-07:00,1,0
global.js,101,js,b3e20c60,hannah sky,2025-10-25,15:44:29,-07:00,2025-10-25T15:44:29-07:00,0,0
global.js,102,js,b3e20c60,hannah sky,2025-10-25,15:44:29,-07:00,2025-10-25T15:44:29-07:00,0,0
global.js,103,js,5c4d25da,hannah sky,2025-10-25,20:21:29,-07:00,2025-10-25T20:21:29-07:00,0,6
global.js,104,js,b3e20c60,hannah sky,2025-10-25,15:44:29,-07:00,2025-10-25T15:44:29-07:00,0,79
global.js,105,js,5c4d25da,hannah sky,2025-10-25,20:21:29,-07:00,2025-10-25T20:21:29-07:00,1,28
global.js,106,js,b3e20c60,hannah sky,2025-10-25,15:44:29,-07:00,2025-10-25T15:44:29-07:00,1,47
global.js,107,js,b3e20c60,hannah sky,2025-10-25,15:44:29,-07:00,2025-10-25T15:44:29-07:00,2,53
global.js,108,js,b3e20c60,hannah sky,2025-10-25,15:44:29,-07:00,2025-10-25T15:44:29-07:00,2,5
global.js,109,js,b3e20c60,hannah sky,2025-10-25,15:44:29,-07:00,2025-10-25T15:44:29-07:00,1,0
global.js,110,js,b3e20c60,hannah sky,2025-10-25,15:44:29,-07:00,2025-10-25T15:44:29-07:00,0,0
global.js,111,js,5c4d25da,hannah sky,2025-10-25,20:21:29,-07:00,2025-10-25T20:21:29-07:00,1,20
global.js,112,js,b3e20c60,hannah sky,2025-10-25,15:44:29,-07:00,2025-10-25T15:44:29-07:00,1,29
global.js,113,js,b3e20c60,hannah sky,2025-10-25,15:44:29,-07:00,2025-10-25T15:44:29-07:00,2,57
global.js,114,js,b3e20c60,hannah sky,2025-10-25,15:44:29,-07:00,2025-10-25T15:44:29-07:00,2,60
global.js,115,js,b3e20c60,hannah sky,2025-10-25,15:44:29,-07:00,2025-10-25T15:44:29-07:00,2,5
global.js,116,js,b3e20c60,hannah sky,2025-10-25,15:44:29,-07:00,2025-10-25T15:44:29-07:00,1,0
global.js,117,js,b3e20c60,hannah sky,2025-10-25,15:44:29,-07:00,2025-10-25T15:44:29-07:00,0,0
global.js,118,js,5c4d25da,hannah sky,2025-10-25,20:21:29,-07:00,2025-10-25T20:21:29-07:00,1,24
global.js,119,js,b3e20c60,hannah sky,2025-10-25,15:44:29,-07:00,2025-10-25T15:44:29-07:00,1,57
global.js,120,js,b3e20c60,hannah sky,2025-10-25,15:44:29,-07:00,2025-10-25T15:44:29-07:00,1,42
global.js,121,js,b3e20c60,hannah sky,2025-10-25,15:44:29,-07:00,2025-10-25T15:44:29-07:00,2,74
global.js,122,js,b3e20c60,hannah sky,2025-10-25,15:44:29,-07:00,2025-10-25T15:44:29-07:00,2,18
global.js,123,js,b3e20c60,hannah sky,2025-10-25,15:44:29,-07:00,2025-10-25T15:44:29-07:00,1,0
global.js,124,js,5c4d25da,hannah sky,2025-10-25,20:21:29,-07:00,2025-10-25T20:21:29-07:00,1,23
global.js,125,js,b3e20c60,hannah sky,2025-10-25,15:44:29,-07:00,2025-10-25T15:44:29-07:00,1,30
global.js,126,js,b3e20c60,hannah sky,2025-10-25,15:44:29,-07:00,2025-10-25T15:44:29-07:00,0,0
global.js,127,js,5c4d25da,hannah sky,2025-10-25,20:21:29,-07:00,2025-10-25T20:21:29-07:00,1,0
global.js,128,js,b3e20c60,hannah sky,2025-10-25,15:44:29,-07:00,2025-10-25T15:44:29-07:00,1,27
global.js,129,js,b3e20c60,hannah sky,2025-10-25,15:44:29,-07:00,2025-10-25T15:44:29-07:00,2,48
global.js,130,js,b3e20c60,hannah sky,2025-10-25,15:44:29,-07:00,2025-10-25T15:44:29-07:00,0,0
global.js,131,js,5c4d25da,hannah sky,2025-10-25,20:21:29,-07:00,2025-10-25T20:21:29-07:00,2,26
global.js,132,js,8663c696,hannah sky,2025-10-25,20:45:37,-07:00,2025-10-25T20:45:37-07:00,2,89
global.js,133,js,5c4d25da,hannah sky,2025-10-25,20:21:29,-07:00,2025-10-25T20:21:29-07:00,2,38
global.js,134,js,3dc715fb,Hannah,2025-11-01,17:42:09,-07:00,2025-11-01T17:42:09-07:00,2,24
global.js,135,js,5c4d25da,hannah sky,2025-10-25,20:21:29,-07:00,2025-10-25T20:21:29-07:00,0,0
global.js,136,js,b3e20c60,hannah sky,2025-10-25,15:44:29,-07:00,2025-10-25T15:44:29-07:00,2,19
global.js,137,js,f94664bd,hannah sky,2025-10-25,20:35:45,-07:00,2025-10-25T20:35:45-07:00,2,41
global.js,138,js,f94664bd,hannah sky,2025-10-25,20:35:45,-07:00,2025-10-25T20:35:45-07:00,2,33
global.js,139,js,f94664bd,hannah sky,2025-10-25,20:35:45,-07:00,2025-10-25T20:35:45-07:00,2,19
global.js,140,js,3dc715fb,Hannah,2025-11-01,17:42:09,-07:00,2025-11-01T17:42:09-07:00,2,33
global.js,141,js,b3e20c60,hannah sky,2025-10-25,15:44:29,-07:00,2025-10-25T15:44:29-07:00,2,0
global.js,142,js,5c4d25da,hannah sky,2025-10-25,20:21:29,-07:00,2025-10-25T20:21:29-07:00,1,36
global.js,143,js,b3e20c60,hannah sky,2025-10-25,15:44:29,-07:00,2025-10-25T15:44:29-07:00,1,1
global.js,144,js,2a7ecccb,hannah sky,2025-10-25,20:10:50,-07:00,2025-10-25T20:10:50-07:00,1,0
global.js,145,js,2a7ecccb,hannah sky,2025-10-25,20:10:50,-07:00,2025-10-25T20:10:50-07:00,0,0
global.js,146,js,5c4d25da,hannah sky,2025-10-25,20:21:29,-07:00,2025-10-25T20:21:29-07:00,1,47
global.js,147,js,5c4d25da,hannah sky,2025-10-25,20:21:29,-07:00,2025-10-25T20:21:29-07:00,1,22
global.js,148,js,5c4d25da,hannah sky,2025-10-25,20:21:29,-07:00,2025-10-25T20:21:29-07:00,1,59
global.js,149,js,959c2a94,hannah sky,2025-10-25,17:36:57,-07:00,2025-10-25T17:36:57-07:00,0,0
resume\index.html,1,html,3ee23a52,Hannah,2025-09-29,11:49:05,-07:00,2025-09-29T11:49:05-07:00,0,13
resume\index.html,2,html,3ee23a52,Hannah,2025-09-29,11:49:05,-07:00,2025-09-29T11:49:05-07:00,0,14
resume\index.html,3,html,3ee23a52,Hannah,2025-09-29,11:49:05,-07:00,2025-09-29T11:49:05-07:00,0,4
resume\index.html,4,html,3ee23a52,Hannah,2025-09-29,11:49:05,-07:00,2025-09-29T11:49:05-07:00,2,20
resume\index.html,5,html,3ee23a52,Hannah,2025-09-29,11:49:05,-07:00,2025-09-29T11:49:05-07:00,2,68
resume\index.html,6,html,3ee23a52,Hannah,2025-09-29,11:49:05,-07:00,2025-09-29T11:49:05-07:00,2,23
resume\index.html,7,html,d03dd021,hannah sky,2025-10-10,13:14:11,-07:00,2025-10-10T13:14:11-07:00,2,41
resume\index.html,8,html,d03dd021,hannah sky,2025-10-10,13:14:11,-07:00,2025-10-10T13:14:11-07:00,0,0
resume\index.html,9,html,3ee23a52,Hannah,2025-09-29,11:49:05,-07:00,2025-09-29T11:49:05-07:00,0,5
resume\index.html,10,html,3ee23a52,Hannah,2025-09-29,11:49:05,-07:00,2025-09-29T11:49:05-07:00,0,4
resume\index.html,11,html,5a0d9398,hannah sky,2025-10-15,00:12:29,-07:00,2025-10-15T00:12:29-07:00,2,2
resume\index.html,12,html,3ee23a52,Hannah,2025-09-29,11:49:05,-07:00,2025-09-29T11:49:05-07:00,2,3
resume\index.html,13,html,5a0d9398,hannah sky,2025-10-15,00:12:29,-07:00,2025-10-15T00:12:29-07:00,3,30
resume\index.html,14,html,5a0d9398,hannah sky,2025-10-15,00:12:29,-07:00,2025-10-15T00:12:29-07:00,3,43
resume\index.html,15,html,5a0d9398,hannah sky,2025-10-15,00:12:29,-07:00,2025-10-15T00:12:29-07:00,3,39
resume\index.html,16,html,5a0d9398,hannah sky,2025-10-15,00:12:29,-07:00,2025-10-15T00:12:29-07:00,3,41
resume\index.html,17,html,5a0d9398,hannah sky,2025-10-15,00:12:29,-07:00,2025-10-15T00:12:29-07:00,3,64
resume\index.html,18,html,5a0d9398,hannah sky,2025-10-15,00:12:29,-07:00,2025-10-15T00:12:29-07:00,2,4
resume\index.html,19,html,5a0d9398,hannah sky,2025-10-15,00:12:29,-07:00,2025-10-15T00:12:29-07:00,2,1
resume\index.html,20,html,fa030b4a,hannah sky,2025-10-10,18:21:56,-07:00,2025-10-10T18:21:56-07:00,0,21
resume\index.html,21,html,3ee23a52,Hannah,2025-09-29,11:49:05,-07:00,2025-09-29T11:49:05-07:00,2,17
resume\index.html,22,html,3ee23a52,Hannah,2025-09-29,11:49:05,-07:00,2025-09-29T11:49:05-07:00,0,0
resume\index.html,23,html,3ee23a52,Hannah,2025-09-29,11:49:05,-07:00,2025-09-29T11:49:05-07:00,2,17
resume\index.html,24,html,3ee23a52,Hannah,2025-09-29,11:49:05,-07:00,2025-09-29T11:49:05-07:00,2,16
resume\index.html,25,html,3ee23a52,Hannah,2025-09-29,11:49:05,-07:00,2025-09-29T11:49:05-07:00,2,37
resume\index.html,26,html,3ee23a52,Hannah,2025-09-29,11:49:05,-07:00,2025-09-29T11:49:05-07:00,4,32
resume\index.html,27,html,3ee23a52,Hannah,2025-09-29,11:49:05,-07:00,2025-09-29T11:49:05-07:00,2,3
resume\index.html,28,html,fa030b4a,hannah sky,2025-10-10,18:21:56,-07:00,2025-10-10T18:21:56-07:00,2,78
resume\index.html,29,html,3ee23a52,Hannah,2025-09-29,11:49:05,-07:00,2025-09-29T11:49:05-07:00,2,0
resume\index.html,30,html,3ee23a52,Hannah,2025-09-29,11:49:05,-07:00,2025-09-29T11:49:05-07:00,2,2
resume\index.html,31,html,3ee23a52,Hannah,2025-09-29,11:49:05,-07:00,2025-09-29T11:49:05-07:00,4,128
resume\index.html,32,html,3ee23a52,Hannah,2025-09-29,11:49:05,-07:00,2025-09-29T11:49:05-07:00,0,101
resume\index.html,33,html,3ee23a52,Hannah,2025-09-29,11:49:05,-07:00,2025-09-29T11:49:05-07:00,0,3
resume\index.html,34,html,3ee23a52,Hannah,2025-09-29,11:49:05,-07:00,2025-09-29T11:49:05-07:00,2,3
resume\index.html,35,html,3ee23a52,Hannah,2025-09-29,11:49:05,-07:00,2025-09-29T11:49:05-07:00,2,8
resume\index.html,36,html,f0622e0e,hannah sky,2025-09-29,14:31:31,-07:00,2025-09-29T14:31:31-07:00,0,7
resume\index.html,37,html,f0622e0e,hannah sky,2025-09-29,14:31:31,-07:00,2025-09-29T14:31:31-07:00,2,17
resume\index.html,38,html,f0622e0e,hannah sky,2025-09-29,14:31:31,-07:00,2025-09-29T14:31:31-07:00,2,2
resume\index.html,39,html,f0622e0e,hannah sky,2025-09-29,14:31:31,-07:00,2025-09-29T14:31:31-07:00,4,23
resume\index.html,40,html,f0622e0e,hannah sky,2025-09-29,14:31:31,-07:00,2025-09-29T14:31:31-07:00,4,32
resume\index.html,41,html,f0622e0e,hannah sky,2025-09-29,14:31:31,-07:00,2025-09-29T14:31:31-07:00,2,3
resume\index.html,42,html,fa030b4a,hannah sky,2025-10-10,18:21:56,-07:00,2025-10-10T18:21:56-07:00,2,33
resume\index.html,43,html,f0622e0e,hannah sky,2025-09-29,14:31:31,-07:00,2025-09-29T14:31:31-07:00,2,2
resume\index.html,44,html,f0622e0e,hannah sky,2025-09-29,14:31:31,-07:00,2025-09-29T14:31:31-07:00,4,118
resume\index.html,45,html,f0622e0e,hannah sky,2025-09-29,14:31:31,-07:00,2025-09-29T14:31:31-07:00,4,80
resume\index.html,46,html,f0622e0e,hannah sky,2025-09-29,14:31:31,-07:00,2025-09-29T14:31:31-07:00,4,123
resume\index.html,47,html,f0622e0e,hannah sky,2025-09-29,14:31:31,-07:00,2025-09-29T14:31:31-07:00,4,104
resume\index.html,48,html,f0622e0e,hannah sky,2025-09-29,14:31:31,-07:00,2025-09-29T14:31:31-07:00,4,109
resume\index.html,49,html,f0622e0e,hannah sky,2025-09-29,14:31:31,-07:00,2025-09-29T14:31:31-07:00,4,46
resume\index.html,50,html,f0622e0e,hannah sky,2025-09-29,14:31:31,-07:00,2025-09-29T14:31:31-07:00,2,3
resume\index.html,51,html,3ee23a52,Hannah,2025-09-29,11:49:05,-07:00,2025-09-29T11:49:05-07:00,0,0
resume\index.html,52,html,f0622e0e,hannah sky,2025-09-29,14:31:31,-07:00,2025-09-29T14:31:31-07:00,2,2
resume\index.html,53,html,f0622e0e,hannah sky,2025-09-29,14:31:31,-07:00,2025-09-29T14:31:31-07:00,4,20
resume\index.html,54,html,f0622e0e,hannah sky,2025-09-29,14:31:31,-07:00,2025-09-29T14:31:31-07:00,4,32
resume\index.html,55,html,f0622e0e,hannah sky,2025-09-29,14:31:31,-07:00,2025-09-29T14:31:31-07:00,2,3
resume\index.html,56,html,fa030b4a,hannah sky,2025-10-10,18:21:56,-07:00,2025-10-10T18:21:56-07:00,2,57
resume\index.html,57,html,f0622e0e,hannah sky,2025-09-29,14:31:31,-07:00,2025-09-29T14:31:31-07:00,2,2
resume\index.html,58,html,f0622e0e,hannah sky,2025-09-29,14:31:31,-07:00,2025-09-29T14:31:31-07:00,4,117
resume\index.html,59,html,f0622e0e,hannah sky,2025-09-29,14:31:31,-07:00,2025-09-29T14:31:31-07:00,4,103
resume\index.html,60,html,f0622e0e,hannah sky,2025-09-29,14:31:31,-07:00,2025-09-29T14:31:31-07:00,4,113
resume\index.html,61,html,f0622e0e,hannah sky,2025-09-29,14:31:31,-07:00,2025-09-29T14:31:31-07:00,4,113
resume\index.html,62,html,f0622e0e,hannah sky,2025-09-29,14:31:31,-07:00,2025-09-29T14:31:31-07:00,4,73
resume\index.html,63,html,f0622e0e,hannah sky,2025-09-29,14:31:31,-07:00,2025-09-29T14:31:31-07:00,2,3
resume\index.html,64,html,3ee23a52,Hannah,2025-09-29,11:49:05,-07:00,2025-09-29T11:49:05-07:00,0,0
resume\index.html,65,html,f0622e0e,hannah sky,2025-09-29,14:31:31,-07:00,2025-09-29T14:31:31-07:00,2,2
resume\index.html,66,html,f0622e0e,hannah sky,2025-09-29,14:31:31,-07:00,2025-09-29T14:31:31-07:00,4,20
resume\index.html,67,html,f0622e0e,hannah sky,2025-09-29,14:31:31,-07:00,2025-09-29T14:31:31-07:00,4,32
resume\index.html,68,html,f0622e0e,hannah sky,2025-09-29,14:31:31,-07:00,2025-09-29T14:31:31-07:00,2,3
resume\index.html,69,html,fa030b4a,hannah sky,2025-10-10,18:21:56,-07:00,2025-10-10T18:21:56-07:00,2,56
resume\index.html,70,html,f0622e0e,hannah sky,2025-09-29,14:31:31,-07:00,2025-09-29T14:31:31-07:00,2,2
resume\index.html,71,html,f0622e0e,hannah sky,2025-09-29,14:31:31,-07:00,2025-09-29T14:31:31-07:00,4,109
resume\index.html,72,html,f0622e0e,hannah sky,2025-09-29,14:31:31,-07:00,2025-09-29T14:31:31-07:00,4,52
resume\index.html,73,html,f0622e0e,hannah sky,2025-09-29,14:31:31,-07:00,2025-09-29T14:31:31-07:00,4,118
resume\index.html,74,html,f0622e0e,hannah sky,2025-09-29,14:31:31,-07:00,2025-09-29T14:31:31-07:00,4,57
resume\index.html,75,html,f0622e0e,hannah sky,2025-09-29,14:31:31,-07:00,2025-09-29T14:31:31-07:00,4,113
resume\index.html,76,html,f0622e0e,hannah sky,2025-09-29,14:31:31,-07:00,2025-09-29T14:31:31-07:00,4,42
resume\index.html,77,html,f0622e0e,hannah sky,2025-09-29,14:31:31,-07:00,2025-09-29T14:31:31-07:00,2,3
resume\index.html,78,html,f0622e0e,hannah sky,2025-09-29,14:31:31,-07:00,2025-09-29T14:31:31-07:00,0,8
resume\index.html,79,html,3ee23a52,Hannah,2025-09-29,11:49:05,-07:00,2025-09-29T11:49:05-07:00,0,0
resume\index.html,80,html,f0622e0e,hannah sky,2025-09-29,14:31:31,-07:00,2025-09-29T14:31:31-07:00,0,7
resume\index.html,81,html,f0622e0e,hannah sky,2025-09-29,14:31:31,-07:00,2025-09-29T14:31:31-07:00,2,15
resume\index.html,82,html,f0622e0e,hannah sky,2025-09-29,14:31:31,-07:00,2025-09-29T14:31:31-07:00,2,2
resume\index.html,83,html,f0622e0e,hannah sky,2025-09-29,14:31:31,-07:00,2025-09-29T14:31:31-07:00,4,24
resume\index.html,84,html,f0622e0e,hannah sky,2025-09-29,14:31:31,-07:00,2025-09-29T14:31:31-07:00,2,3
resume\index.html,85,html,fa030b4a,hannah sky,2025-10-10,18:21:56,-07:00,2025-10-10T18:21:56-07:00,2,54
resume\index.html,86,html,f0622e0e,hannah sky,2025-09-29,14:31:31,-07:00,2025-09-29T14:31:31-07:00,2,2
resume\index.html,87,html,f0622e0e,hannah sky,2025-09-29,14:31:31,-07:00,2025-09-29T14:31:31-07:00,4,119
resume\index.html,88,html,f0622e0e,hannah sky,2025-09-29,14:31:31,-07:00,2025-09-29T14:31:31-07:00,4,103
resume\index.html,89,html,f0622e0e,hannah sky,2025-09-29,14:31:31,-07:00,2025-09-29T14:31:31-07:00,4,24
resume\index.html,90,html,f0622e0e,hannah sky,2025-09-29,14:31:31,-07:00,2025-09-29T14:31:31-07:00,4,117
resume\index.html,91,html,f0622e0e,hannah sky,2025-09-29,14:31:31,-07:00,2025-09-29T14:31:31-07:00,4,70
resume\index.html,92,html,f0622e0e,hannah sky,2025-09-29,14:31:31,-07:00,2025-09-29T14:31:31-07:00,4,112
resume\index.html,93,html,f0622e0e,hannah sky,2025-09-29,14:31:31,-07:00,2025-09-29T14:31:31-07:00,4,118
resume\index.html,94,html,f0622e0e,hannah sky,2025-09-29,14:31:31,-07:00,2025-09-29T14:31:31-07:00,4,12
resume\index.html,95,html,f0622e0e,hannah sky,2025-09-29,14:31:31,-07:00,2025-09-29T14:31:31-07:00,2,3
resume\index.html,96,html,3ee23a52,Hannah,2025-09-29,11:49:05,-07:00,2025-09-29T11:49:05-07:00,0,0
resume\index.html,97,html,f0622e0e,hannah sky,2025-09-29,14:31:31,-07:00,2025-09-29T14:31:31-07:00,2,2
resume\index.html,98,html,f0622e0e,hannah sky,2025-09-29,14:31:31,-07:00,2025-09-29T14:31:31-07:00,4,24
resume\index.html,99,html,f0622e0e,hannah sky,2025-09-29,14:31:31,-07:00,2025-09-29T14:31:31-07:00,2,3
resume\index.html,100,html,fa030b4a,hannah sky,2025-10-10,18:21:56,-07:00,2025-10-10T18:21:56-07:00,2,66
resume\index.html,101,html,f0622e0e,hannah sky,2025-09-29,14:31:31,-07:00,2025-09-29T14:31:31-07:00,2,2
resume\index.html,102,html,f0622e0e,hannah sky,2025-09-29,14:31:31,-07:00,2025-09-29T14:31:31-07:00,4,123
resume\index.html,103,html,f0622e0e,hannah sky,2025-09-29,14:31:31,-07:00,2025-09-29T14:31:31-07:00,4,121
resume\index.html,104,html,f0622e0e,hannah sky,2025-09-29,14:31:31,-07:00,2025-09-29T14:31:31-07:00,4,128
resume\index.html,105,html,f0622e0e,hannah sky,2025-09-29,14:31:31,-07:00,2025-09-29T14:31:31-07:00,4,104
resume\index.html,106,html,f0622e0e,hannah sky,2025-09-29,14:31:31,-07:00,2025-09-29T14:31:31-07:00,4,121
resume\index.html,107,html,f0622e0e,hannah sky,2025-09-29,14:31:31,-07:00,2025-09-29T14:31:31-07:00,4,64
resume\index.html,108,html,f0622e0e,hannah sky,2025-09-29,14:31:31,-07:00,2025-09-29T14:31:31-07:00,2,3
resume\index.html,109,html,f0622e0e,hannah sky,2025-09-29,14:31:31,-07:00,2025-09-29T14:31:31-07:00,0,8
resume\index.html,110,html,3ee23a52,Hannah,2025-09-29,11:49:05,-07:00,2025-09-29T11:49:05-07:00,0,0
resume\index.html,111,html,f0622e0e,hannah sky,2025-09-29,14:31:31,-07:00,2025-09-29T14:31:31-07:00,0,7
resume\index.html,112,html,f0622e0e,hannah sky,2025-09-29,14:31:31,-07:00,2025-09-29T14:31:31-07:00,2,23
resume\index.html,113,html,f0622e0e,hannah sky,2025-09-29,14:31:31,-07:00,2025-09-29T14:31:31-07:00,2,2
resume\index.html,114,html,f0622e0e,hannah sky,2025-09-29,14:31:31,-07:00,2025-09-29T14:31:31-07:00,4,61
resume\index.html,115,html,f0622e0e,hannah sky,2025-09-29,14:31:31,-07:00,2025-09-29T14:31:31-07:00,4,127
resume\index.html,116,html,f0622e0e,hannah sky,2025-09-29,14:31:31,-07:00,2025-09-29T14:31:31-07:00,4,78
resume\index.html,117,html,f0622e0e,hannah sky,2025-09-29,14:31:31,-07:00,2025-09-29T14:31:31-07:00,2,3
resume\index.html,118,html,f0622e0e,hannah sky,2025-09-29,14:31:31,-07:00,2025-09-29T14:31:31-07:00,0,8
resume\index.html,119,html,fa030b4a,hannah sky,2025-10-10,18:21:56,-07:00,2025-10-10T18:21:56-07:00,0,5
resume\index.html,120,html,290c978e,hannah sky,2025-10-25,19:50:45,-07:00,2025-10-25T19:50:45-07:00,0,48
resume\index.html,121,html,3ee23a52,Hannah,2025-09-29,11:49:05,-07:00,2025-09-29T11:49:05-07:00,0,5
resume\index.html,122,html,3ee23a52,Hannah,2025-09-29,11:49:05,-07:00,2025-09-29T11:49:05-07:00,0,5
projects\projects.js,1,js,b3e20c60,hannah sky,2025-10-25,15:44:29,-07:00,2025-10-25T15:44:29-07:00,0,4
projects\projects.js,2,js,b3e20c60,hannah sky,2025-10-25,15:44:29,-07:00,2025-10-25T15:44:29-07:00,0,55
projects\projects.js,3,js,ba70e60e,Hannah,2025-11-01,19:54:07,-07:00,2025-11-01T19:54:07-07:00,0,63
projects\projects.js,4,js,ba70e60e,Hannah,2025-11-01,19:54:07,-07:00,2025-11-01T19:54:07-07:00,0,0
projects\projects.js,5,js,b3e20c60,hannah sky,2025-10-25,15:44:29,-07:00,2025-10-25T15:44:29-07:00,0,55
projects\projects.js,6,js,b3e20c60,hannah sky,2025-10-25,15:44:29,-07:00,2025-10-25T15:44:29-07:00,0,60
projects\projects.js,7,js,ba70e60e,Hannah,2025-11-01,19:54:07,-07:00,2025-11-01T19:54:07-07:00,0,48
projects\projects.js,8,js,ba70e60e,Hannah,2025-11-01,19:54:07,-07:00,2025-11-01T19:54:07-07:00,0,0
projects\projects.js,9,js,b528b9de,Hannah,2025-11-01,20:14:00,-07:00,2025-11-01T20:14:00-07:00,0,21
projects\projects.js,10,js,b528b9de,Hannah,2025-11-01,20:14:00,-07:00,2025-11-01T20:14:00-07:00,0,0
projects\projects.js,11,js,ba70e60e,Hannah,2025-11-01,19:54:07,-07:00,2025-11-01T19:54:07-07:00,0,38
projects\projects.js,12,js,ba70e60e,Hannah,2025-11-01,19:54:07,-07:00,2025-11-01T19:54:07-07:00,1,25
projects\projects.js,13,js,ba70e60e,Hannah,2025-11-01,19:54:07,-07:00,2025-11-01T19:54:07-07:00,1,29
projects\projects.js,14,js,ba70e60e,Hannah,2025-11-01,19:54:07,-07:00,2025-11-01T19:54:07-07:00,2,12
projects\projects.js,15,js,ba70e60e,Hannah,2025-11-01,19:54:07,-07:00,2025-11-01T19:54:07-07:00,2,14
projects\projects.js,16,js,ba70e60e,Hannah,2025-11-01,19:54:07,-07:00,2025-11-01T19:54:07-07:00,2,12
projects\projects.js,17,js,ba70e60e,Hannah,2025-11-01,19:54:07,-07:00,2025-11-01T19:54:07-07:00,1,0
projects\projects.js,18,js,ba70e60e,Hannah,2025-11-01,19:54:07,-07:00,2025-11-01T19:54:07-07:00,1,0
projects\projects.js,19,js,ba70e60e,Hannah,2025-11-01,19:54:07,-07:00,2025-11-01T19:54:07-07:00,1,18
projects\projects.js,20,js,ba70e60e,Hannah,2025-11-01,19:54:07,-07:00,2025-11-01T19:54:07-07:00,1,50
projects\projects.js,21,js,ba70e60e,Hannah,2025-11-01,19:54:07,-07:00,2025-11-01T19:54:07-07:00,2,35
projects\projects.js,22,js,ba70e60e,Hannah,2025-11-01,19:54:07,-07:00,2025-11-01T19:54:07-07:00,1,1
projects\projects.js,23,js,ba70e60e,Hannah,2025-11-01,19:54:07,-07:00,2025-11-01T19:54:07-07:00,1,0
projects\projects.js,24,js,ba70e60e,Hannah,2025-11-01,19:54:07,-07:00,2025-11-01T19:54:07-07:00,1,50
projects\projects.js,25,js,ba70e60e,Hannah,2025-11-01,19:54:07,-07:00,2025-11-01T19:54:07-07:00,1,53
projects\projects.js,26,js,ba70e60e,Hannah,2025-11-01,19:54:07,-07:00,2025-11-01T19:54:07-07:00,1,42
projects\projects.js,27,js,ba70e60e,Hannah,2025-11-01,19:54:07,-07:00,2025-11-01T19:54:07-07:00,1,57
projects\projects.js,28,js,ba70e60e,Hannah,2025-11-01,19:54:07,-07:00,2025-11-01T19:54:07-07:00,1,51
projects\projects.js,29,js,ba70e60e,Hannah,2025-11-01,19:54:07,-07:00,2025-11-01T19:54:07-07:00,1,0
projects\projects.js,30,js,ba70e60e,Hannah,2025-11-01,19:54:07,-07:00,2025-11-01T19:54:07-07:00,1,27
projects\projects.js,31,js,b528b9de,Hannah,2025-11-01,20:14:00,-07:00,2025-11-01T20:14:00-07:00,1,25
projects\projects.js,32,js,b528b9de,Hannah,2025-11-01,20:14:00,-07:00,2025-11-01T20:14:00-07:00,1,29
projects\projects.js,33,js,ba70e60e,Hannah,2025-11-01,19:54:07,-07:00,2025-11-01T19:54:07-07:00,1,0
projects\projects.js,34,js,ba70e60e,Hannah,2025-11-01,19:54:07,-07:00,2025-11-01T19:54:07-07:00,1,32
projects\projects.js,35,js,ba70e60e,Hannah,2025-11-01,19:54:07,-07:00,2025-11-01T19:54:07-07:00,1,30
projects\projects.js,36,js,ba70e60e,Hannah,2025-11-01,19:54:07,-07:00,2025-11-01T19:54:07-07:00,1,0
projects\projects.js,37,js,ba70e60e,Hannah,2025-11-01,19:54:07,-07:00,2025-11-01T19:54:07-07:00,1,13
projects\projects.js,38,js,ba70e60e,Hannah,2025-11-01,19:54:07,-07:00,2025-11-01T19:54:07-07:00,1,47
projects\projects.js,39,js,b528b9de,Hannah,2025-11-01,20:14:00,-07:00,2025-11-01T20:14:00-07:00,1,27
projects\projects.js,40,js,b528b9de,Hannah,2025-11-01,20:14:00,-07:00,2025-11-01T20:14:00-07:00,2,1
projects\projects.js,41,js,ba70e60e,Hannah,2025-11-01,19:54:07,-07:00,2025-11-01T19:54:07-07:00,3,13
projects\projects.js,42,js,ba70e60e,Hannah,2025-11-01,19:54:07,-07:00,2025-11-01T19:54:07-07:00,3,13
projects\projects.js,43,js,b528b9de,Hannah,2025-11-01,20:14:00,-07:00,2025-11-01T20:14:00-07:00,3,22
projects\projects.js,44,js,b528b9de,Hannah,2025-11-01,20:14:00,-07:00,2025-11-01T20:14:00-07:00,3,53
projects\projects.js,45,js,b528b9de,Hannah,2025-11-01,20:14:00,-07:00,2025-11-01T20:14:00-07:00,3,18
projects\projects.js,46,js,b528b9de,Hannah,2025-11-01,20:14:00,-07:00,2025-11-01T20:14:00-07:00,4,43
projects\projects.js,47,js,b528b9de,Hannah,2025-11-01,20:14:00,-07:00,2025-11-01T20:14:00-07:00,4,0
projects\projects.js,48,js,b528b9de,Hannah,2025-11-01,20:14:00,-07:00,2025-11-01T20:14:00-07:00,4,1
projects\projects.js,49,js,b528b9de,Hannah,2025-11-01,20:14:00,-07:00,2025-11-01T20:14:00-07:00,5,16
projects\projects.js,50,js,b528b9de,Hannah,2025-11-01,20:14:00,-07:00,2025-11-01T20:14:00-07:00,5,26
projects\projects.js,51,js,b528b9de,Hannah,2025-11-01,20:14:00,-07:00,2025-11-01T20:14:00-07:00,6,39
projects\projects.js,52,js,b528b9de,Hannah,2025-11-01,20:14:00,-07:00,2025-11-01T20:14:00-07:00,5,1
projects\projects.js,53,js,b528b9de,Hannah,2025-11-01,20:14:00,-07:00,2025-11-01T20:14:00-07:00,4,0
projects\projects.js,54,js,b528b9de,Hannah,2025-11-01,20:14:00,-07:00,2025-11-01T20:14:00-07:00,4,4
projects\projects.js,55,js,b528b9de,Hannah,2025-11-01,20:14:00,-07:00,2025-11-01T20:14:00-07:00,5,14
projects\projects.js,56,js,b528b9de,Hannah,2025-11-01,20:14:00,-07:00,2025-11-01T20:14:00-07:00,5,26
projects\projects.js,57,js,b528b9de,Hannah,2025-11-01,20:14:00,-07:00,2025-11-01T20:14:00-07:00,6,60
projects\projects.js,58,js,b528b9de,Hannah,2025-11-01,20:14:00,-07:00,2025-11-01T20:14:00-07:00,5,1
projects\projects.js,59,js,b528b9de,Hannah,2025-11-01,20:14:00,-07:00,2025-11-01T20:14:00-07:00,0,0
projects\projects.js,60,js,b528b9de,Hannah,2025-11-01,20:14:00,-07:00,2025-11-01T20:14:00-07:00,4,25
projects\projects.js,61,js,b528b9de,Hannah,2025-11-01,20:14:00,-07:00,2025-11-01T20:14:00-07:00,5,53
projects\projects.js,62,js,b528b9de,Hannah,2025-11-01,20:14:00,-07:00,2025-11-01T20:14:00-07:00,4,6
projects\projects.js,63,js,b528b9de,Hannah,2025-11-01,20:14:00,-07:00,2025-11-01T20:14:00-07:00,5,37
projects\projects.js,64,js,b528b9de,Hannah,2025-11-01,20:14:00,-07:00,2025-11-01T20:14:00-07:00,5,46
projects\projects.js,65,js,b528b9de,Hannah,2025-11-01,20:14:00,-07:00,2025-11-01T20:14:00-07:00,5,54
projects\projects.js,66,js,b528b9de,Hannah,2025-11-01,20:14:00,-07:00,2025-11-01T20:14:00-07:00,6,35
projects\projects.js,67,js,b528b9de,Hannah,2025-11-01,20:14:00,-07:00,2025-11-01T20:14:00-07:00,5,1
projects\projects.js,68,js,b528b9de,Hannah,2025-11-01,20:14:00,-07:00,2025-11-01T20:14:00-07:00,5,54
projects\projects.js,69,js,b528b9de,Hannah,2025-11-01,20:14:00,-07:00,2025-11-01T20:14:00-07:00,4,0
projects\projects.js,70,js,b528b9de,Hannah,2025-11-01,20:14:00,-07:00,2025-11-01T20:14:00-07:00,3,1
projects\projects.js,71,js,ba70e60e,Hannah,2025-11-01,19:54:07,-07:00,2025-11-01T19:54:07-07:00,1,1
projects\projects.js,72,js,ba70e60e,Hannah,2025-11-01,19:54:07,-07:00,2025-11-01T19:54:07-07:00,1,0
projects\projects.js,73,js,ba70e60e,Hannah,2025-11-01,19:54:07,-07:00,2025-11-01T19:54:07-07:00,1,27
projects\projects.js,74,js,ba70e60e,Hannah,2025-11-01,19:54:07,-07:00,2025-11-01T19:54:07-07:00,2,4
projects\projects.js,75,js,ba70e60e,Hannah,2025-11-01,19:54:07,-07:00,2025-11-01T19:54:07-07:00,3,11
projects\projects.js,76,js,b528b9de,Hannah,2025-11-01,20:14:00,-07:00,2025-11-01T20:14:00-07:00,3,76
projects\projects.js,77,js,ba70e60e,Hannah,2025-11-01,19:54:07,-07:00,2025-11-01T19:54:07-07:00,3,38
projects\projects.js,78,js,ba70e60e,Hannah,2025-11-01,19:54:07,-07:00,2025-11-01T19:54:07-07:00,3,69
projects\projects.js,79,js,ba70e60e,Hannah,2025-11-01,19:54:07,-07:00,2025-11-01T19:54:07-07:00,1,1
projects\projects.js,80,js,ba70e60e,Hannah,2025-11-01,19:54:07,-07:00,2025-11-01T19:54:07-07:00,0,0
projects\projects.js,81,js,ba70e60e,Hannah,2025-11-01,19:54:07,-07:00,2025-11-01T19:54:07-07:00,0,0
projects\projects.js,82,js,ba70e60e,Hannah,2025-11-01,19:54:07,-07:00,2025-11-01T19:54:07-07:00,0,23
projects\projects.js,83,js,ba70e60e,Hannah,2025-11-01,19:54:07,-07:00,2025-11-01T19:54:07-07:00,0,0
projects\projects.js,84,js,ba70e60e,Hannah,2025-11-01,19:54:07,-07:00,2025-11-01T19:54:07-07:00,0,13
projects\projects.js,85,js,ba70e60e,Hannah,2025-11-01,19:54:07,-07:00,2025-11-01T19:54:07-07:00,0,53
projects\projects.js,86,js,ba70e60e,Hannah,2025-11-01,19:54:07,-07:00,2025-11-01T19:54:07-07:00,0,48
projects\projects.js,87,js,ba70e60e,Hannah,2025-11-01,19:54:07,-07:00,2025-11-01T19:54:07-07:00,1,19
projects\projects.js,88,js,ba70e60e,Hannah,2025-11-01,19:54:07,-07:00,2025-11-01T19:54:07-07:00,1,25
projects\projects.js,89,js,ba70e60e,Hannah,2025-11-01,19:54:07,-07:00,2025-11-01T19:54:07-07:00,1,16
projects\projects.js,90,js,ba70e60e,Hannah,2025-11-01,19:54:07,-07:00,2025-11-01T19:54:07-07:00,1,51
projects\projects.js,91,js,ba70e60e,Hannah,2025-11-01,19:54:07,-07:00,2025-11-01T19:54:07-07:00,2,59
projects\projects.js,92,js,ba70e60e,Hannah,2025-11-01,19:54:07,-07:00,2025-11-01T19:54:07-07:00,2,42
projects\projects.js,93,js,ba70e60e,Hannah,2025-11-01,19:54:07,-07:00,2025-11-01T19:54:07-07:00,1,1
projects\projects.js,94,js,ba70e60e,Hannah,2025-11-01,19:54:07,-07:00,2025-11-01T19:54:07-07:00,1,25
projects\projects.js,95,js,ba70e60e,Hannah,2025-11-01,19:54:07,-07:00,2025-11-01T19:54:07-07:00,1,56
projects\projects.js,96,js,ba70e60e,Hannah,2025-11-01,19:54:07,-07:00,2025-11-01T19:54:07-07:00,1,39
projects\projects.js,97,js,ba70e60e,Hannah,2025-11-01,19:54:07,-07:00,2025-11-01T19:54:07-07:00,1,31
projects\projects.js,98,js,ba70e60e,Hannah,2025-11-01,19:54:07,-07:00,2025-11-01T19:54:07-07:00,0,1
projects\index.html,1,html,df256163,hannah sky,2025-09-29,01:47:07,-07:00,2025-09-29T01:47:07-07:00,0,13
projects\index.html,2,html,df256163,hannah sky,2025-09-29,01:47:07,-07:00,2025-09-29T01:47:07-07:00,0,14
projects\index.html,3,html,df256163,hannah sky,2025-09-29,01:47:07,-07:00,2025-09-29T01:47:07-07:00,0,4
projects\index.html,4,html,df256163,hannah sky,2025-09-29,01:47:07,-07:00,2025-09-29T01:47:07-07:00,2,20
projects\index.html,5,html,df256163,hannah sky,2025-09-29,01:47:07,-07:00,2025-09-29T01:47:07-07:00,2,68
projects\index.html,6,html,df256163,hannah sky,2025-09-29,01:47:07,-07:00,2025-09-29T01:47:07-07:00,2,21
projects\index.html,7,html,d03dd021,hannah sky,2025-10-10,13:14:11,-07:00,2025-10-10T13:14:11-07:00,2,41
projects\index.html,8,html,d03dd021,hannah sky,2025-10-10,13:14:11,-07:00,2025-10-10T13:14:11-07:00,0,0
projects\index.html,9,html,df256163,hannah sky,2025-09-29,01:47:07,-07:00,2025-09-29T01:47:07-07:00,0,5
projects\index.html,10,html,df256163,hannah sky,2025-09-29,01:47:07,-07:00,2025-09-29T01:47:07-07:00,0,4
projects\index.html,11,html,5a0d9398,hannah sky,2025-10-15,00:12:29,-07:00,2025-10-15T00:12:29-07:00,2,2
projects\index.html,12,html,df256163,hannah sky,2025-09-29,01:47:07,-07:00,2025-09-29T01:47:07-07:00,2,3
projects\index.html,13,html,5a0d9398,hannah sky,2025-10-15,00:12:29,-07:00,2025-10-15T00:12:29-07:00,3,30
projects\index.html,14,html,5a0d9398,hannah sky,2025-10-15,00:12:29,-07:00,2025-10-15T00:12:29-07:00,3,43
projects\index.html,15,html,5a0d9398,hannah sky,2025-10-15,00:12:29,-07:00,2025-10-15T00:12:29-07:00,3,39
projects\index.html,16,html,5a0d9398,hannah sky,2025-10-15,00:12:29,-07:00,2025-10-15T00:12:29-07:00,3,41
projects\index.html,17,html,5a0d9398,hannah sky,2025-10-15,00:12:29,-07:00,2025-10-15T00:12:29-07:00,3,64
projects\index.html,18,html,5a0d9398,hannah sky,2025-10-15,00:12:29,-07:00,2025-10-15T00:12:29-07:00,2,4
projects\index.html,19,html,5a0d9398,hannah sky,2025-10-15,00:12:29,-07:00,2025-10-15T00:12:29-07:00,2,1
projects\index.html,20,html,02fc0387,Hannah,2025-11-01,21:15:34,-07:00,2025-11-01T21:15:34-07:00,2,45
projects\index.html,21,html,ba70e60e,Hannah,2025-11-01,19:54:07,-07:00,2025-11-01T19:54:07-07:00,0,23
projects\index.html,22,html,ba70e60e,Hannah,2025-11-01,19:54:07,-07:00,2025-11-01T19:54:07-07:00,2,52
projects\index.html,23,html,ba70e60e,Hannah,2025-11-01,19:54:07,-07:00,2025-11-01T19:54:07-07:00,4,68
projects\index.html,24,html,ba70e60e,Hannah,2025-11-01,19:54:07,-07:00,2025-11-01T19:54:07-07:00,4,4
projects\index.html,25,html,ba70e60e,Hannah,2025-11-01,19:54:07,-07:00,2025-11-01T19:54:07-07:00,4,22
projects\index.html,26,html,ba70e60e,Hannah,2025-11-01,19:54:07,-07:00,2025-11-01T19:54:07-07:00,0,4
projects\index.html,27,html,ba70e60e,Hannah,2025-11-01,19:54:07,-07:00,2025-11-01T19:54:07-07:00,0,4
projects\index.html,28,html,ba70e60e,Hannah,2025-11-01,19:54:07,-07:00,2025-11-01T19:54:07-07:00,1,15
projects\index.html,29,html,ba70e60e,Hannah,2025-11-01,19:54:07,-07:00,2025-11-01T19:54:07-07:00,1,11
projects\index.html,30,html,ba70e60e,Hannah,2025-11-01,19:54:07,-07:00,2025-11-01T19:54:07-07:00,1,26
projects\index.html,31,html,ba70e60e,Hannah,2025-11-01,19:54:07,-07:00,2025-11-01T19:54:07-07:00,1,31
projects\index.html,32,html,ba70e60e,Hannah,2025-11-01,19:54:07,-07:00,2025-11-01T19:54:07-07:00,0,0
projects\index.html,33,html,b3e20c60,hannah sky,2025-10-25,15:44:29,-07:00,2025-10-25T15:44:29-07:00,2,26
projects\index.html,34,html,b3e20c60,hannah sky,2025-10-25,15:44:29,-07:00,2025-10-25T15:44:29-07:00,0,0
projects\index.html,35,html,b3e20c60,hannah sky,2025-10-25,15:44:29,-07:00,2025-10-25T15:44:29-07:00,4,48
projects\index.html,36,html,b3e20c60,hannah sky,2025-10-25,15:44:29,-07:00,2025-10-25T15:44:29-07:00,0,47
projects\index.html,37,html,ba70e60e,Hannah,2025-11-01,19:54:07,-07:00,2025-11-01T19:54:07-07:00,3,0
projects\index.html,38,html,ba70e60e,Hannah,2025-11-01,19:54:07,-07:00,2025-11-01T19:54:07-07:00,2,5
projects\index.html,39,html,ba70e60e,Hannah,2025-11-01,19:54:07,-07:00,2025-11-01T19:54:07-07:00,0,5
projects\index.html,40,html,ba70e60e,Hannah,2025-11-01,19:54:07,-07:00,2025-11-01T19:54:07-07:00,0,0
projects\index.html,41,html,ba70e60e,Hannah,2025-11-01,19:54:07,-07:00,2025-11-01T19:54:07-07:00,0,0
projects\index.html,42,html,ba70e60e,Hannah,2025-11-01,19:54:07,-07:00,2025-11-01T19:54:07-07:00,0,0
projects\index.html,43,html,ba70e60e,Hannah,2025-11-01,19:54:07,-07:00,2025-11-01T19:54:07-07:00,0,0
projects\index.html,44,html,ba70e60e,Hannah,2025-11-01,19:54:07,-07:00,2025-11-01T19:54:07-07:00,0,0
projects\index.html,45,html,ba70e60e,Hannah,2025-11-01,19:54:07,-07:00,2025-11-01T19:54:07-07:00,0,0
projects\index.html,46,html,ba70e60e,Hannah,2025-11-01,19:54:07,-07:00,2025-11-01T19:54:07-07:00,0,0
projects\index.html,47,html,ba70e60e,Hannah,2025-11-01,19:54:07,-07:00,2025-11-01T19:54:07-07:00,0,0
projects\index.html,48,html,ba70e60e,Hannah,2025-11-01,19:54:07,-07:00,2025-11-01T19:54:07-07:00,0,0
projects\index.html,49,html,ba70e60e,Hannah,2025-11-01,19:54:07,-07:00,2025-11-01T19:54:07-07:00,0,0
projects\index.html,50,html,ba70e60e,Hannah,2025-11-01,19:54:07,-07:00,2025-11-01T19:54:07-07:00,0,0
projects\index.html,51,html,ba70e60e,Hannah,2025-11-01,19:54:07,-07:00,2025-11-01T19:54:07-07:00,0,0
projects\index.html,52,html,ba70e60e,Hannah,2025-11-01,19:54:07,-07:00,2025-11-01T19:54:07-07:00,0,0
projects\index.html,53,html,ba70e60e,Hannah,2025-11-01,19:54:07,-07:00,2025-11-01T19:54:07-07:00,0,0
projects\index.html,54,html,ba70e60e,Hannah,2025-11-01,19:54:07,-07:00,2025-11-01T19:54:07-07:00,0,0
projects\index.html,55,html,ba70e60e,Hannah,2025-11-01,19:54:07,-07:00,2025-11-01T19:54:07-07:00,0,0
projects\index.html,56,html,ba70e60e,Hannah,2025-11-01,19:54:07,-07:00,2025-11-01T19:54:07-07:00,0,0
projects\index.html,57,html,ba70e60e,Hannah,2025-11-01,19:54:07,-07:00,2025-11-01T19:54:07-07:00,0,0
projects\index.html,58,html,ba70e60e,Hannah,2025-11-01,19:54:07,-07:00,2025-11-01T19:54:07-07:00,0,0
projects\index.html,59,html,ba70e60e,Hannah,2025-11-01,19:54:07,-07:00,2025-11-01T19:54:07-07:00,0,0
projects\index.html,60,html,ba70e60e,Hannah,2025-11-01,19:54:07,-07:00,2025-11-01T19:54:07-07:00,0,0
projects\index.html,61,html,ba70e60e,Hannah,2025-11-01,19:54:07,-07:00,2025-11-01T19:54:07-07:00,0,0
projects\index.html,62,html,ba70e60e,Hannah,2025-11-01,19:54:07,-07:00,2025-11-01T19:54:07-07:00,0,0
projects\index.html,63,html,ba70e60e,Hannah,2025-11-01,19:54:07,-07:00,2025-11-01T19:54:07-07:00,0,0
projects\index.html,64,html,ba70e60e,Hannah,2025-11-01,19:54:07,-07:00,2025-11-01T19:54:07-07:00,0,0
projects\index.html,65,html,ba70e60e,Hannah,2025-11-01,19:54:07,-07:00,2025-11-01T19:54:07-07:00,0,0
projects\index.html,66,html,ba70e60e,Hannah,2025-11-01,19:54:07,-07:00,2025-11-01T19:54:07-07:00,0,0
projects\index.html,67,html,ba70e60e,Hannah,2025-11-01,19:54:07,-07:00,2025-11-01T19:54:07-07:00,0,0
projects\index.html,68,html,ba70e60e,Hannah,2025-11-01,19:54:07,-07:00,2025-11-01T19:54:07-07:00,0,0
projects\index.html,69,html,ba70e60e,Hannah,2025-11-01,19:54:07,-07:00,2025-11-01T19:54:07-07:00,0,0
projects\index.html,70,html,ba70e60e,Hannah,2025-11-01,19:54:07,-07:00,2025-11-01T19:54:07-07:00,0,0
projects\index.html,71,html,ba70e60e,Hannah,2025-11-01,19:54:07,-07:00,2025-11-01T19:54:07-07:00,0,0
projects\index.html,72,html,ba70e60e,Hannah,2025-11-01,19:54:07,-07:00,2025-11-01T19:54:07-07:00,1,2
projects\index.html,73,html,d03dd021,hannah sky,2025-10-10,13:14:11,-07:00,2025-10-10T13:14:11-07:00,4,7
projects\index.html,74,html,a0496ffc,hannah sky,2025-10-10,18:49:14,-07:00,2025-10-10T18:49:14-07:00,6,44
projects\index.html,75,html,a0496ffc,hannah sky,2025-10-10,18:49:14,-07:00,2025-10-10T18:49:14-07:00,6,88
projects\index.html,76,html,d03dd021,hannah sky,2025-10-10,13:14:11,-07:00,2025-10-10T13:14:11-07:00,6,235
projects\index.html,77,html,d03dd021,hannah sky,2025-10-10,13:14:11,-07:00,2025-10-10T13:14:11-07:00,4,8
projects\index.html,78,html,d03dd021,hannah sky,2025-10-10,13:14:11,-07:00,2025-10-10T13:14:11-07:00,4,7
projects\index.html,79,html,a0496ffc,hannah sky,2025-10-10,18:49:14,-07:00,2025-10-10T18:49:14-07:00,6,53
projects\index.html,80,html,a0496ffc,hannah sky,2025-10-10,18:49:14,-07:00,2025-10-10T18:49:14-07:00,6,50
projects\index.html,81,html,d03dd021,hannah sky,2025-10-10,13:14:11,-07:00,2025-10-10T13:14:11-07:00,6,234
projects\index.html,82,html,d03dd021,hannah sky,2025-10-10,13:14:11,-07:00,2025-10-10T13:14:11-07:00,4,8
projects\index.html,83,html,d03dd021,hannah sky,2025-10-10,13:14:11,-07:00,2025-10-10T13:14:11-07:00,4,7
projects\index.html,84,html,a0496ffc,hannah sky,2025-10-10,18:49:14,-07:00,2025-10-10T18:49:14-07:00,6,33
projects\index.html,85,html,a0496ffc,hannah sky,2025-10-10,18:49:14,-07:00,2025-10-10T18:49:14-07:00,6,55
projects\index.html,86,html,d03dd021,hannah sky,2025-10-10,13:14:11,-07:00,2025-10-10T13:14:11-07:00,6,240
projects\index.html,87,html,d03dd021,hannah sky,2025-10-10,13:14:11,-07:00,2025-10-10T13:14:11-07:00,4,8
projects\index.html,88,html,d03dd021,hannah sky,2025-10-10,13:14:11,-07:00,2025-10-10T13:14:11-07:00,4,7
projects\index.html,89,html,d03dd021,hannah sky,2025-10-10,13:14:11,-07:00,2025-10-10T13:14:11-07:00,6,39
projects\index.html,90,html,d03dd021,hannah sky,2025-10-10,13:14:11,-07:00,2025-10-10T13:14:11-07:00,6,70
projects\index.html,91,html,d03dd021,hannah sky,2025-10-10,13:14:11,-07:00,2025-10-10T13:14:11-07:00,6,226
projects\index.html,92,html,d03dd021,hannah sky,2025-10-10,13:14:11,-07:00,2025-10-10T13:14:11-07:00,4,8
projects\index.html,93,html,d03dd021,hannah sky,2025-10-10,13:14:11,-07:00,2025-10-10T13:14:11-07:00,4,7
projects\index.html,94,html,d03dd021,hannah sky,2025-10-10,13:14:11,-07:00,2025-10-10T13:14:11-07:00,6,28
projects\index.html,95,html,d03dd021,hannah sky,2025-10-10,13:14:11,-07:00,2025-10-10T13:14:11-07:00,6,70
projects\index.html,96,html,d03dd021,hannah sky,2025-10-10,13:14:11,-07:00,2025-10-10T13:14:11-07:00,6,227
projects\index.html,97,html,d03dd021,hannah sky,2025-10-10,13:14:11,-07:00,2025-10-10T13:14:11-07:00,4,8
projects\index.html,98,html,d03dd021,hannah sky,2025-10-10,13:14:11,-07:00,2025-10-10T13:14:11-07:00,4,7
projects\index.html,99,html,d03dd021,hannah sky,2025-10-10,13:14:11,-07:00,2025-10-10T13:14:11-07:00,6,30
projects\index.html,100,html,d03dd021,hannah sky,2025-10-10,13:14:11,-07:00,2025-10-10T13:14:11-07:00,6,70
projects\index.html,101,html,d03dd021,hannah sky,2025-10-10,13:14:11,-07:00,2025-10-10T13:14:11-07:00,6,217
projects\index.html,102,html,d03dd021,hannah sky,2025-10-10,13:14:11,-07:00,2025-10-10T13:14:11-07:00,4,8
projects\index.html,103,html,d03dd021,hannah sky,2025-10-10,13:14:11,-07:00,2025-10-10T13:14:11-07:00,4,7
projects\index.html,104,html,d03dd021,hannah sky,2025-10-10,13:14:11,-07:00,2025-10-10T13:14:11-07:00,6,37
projects\index.html,105,html,d03dd021,hannah sky,2025-10-10,13:14:11,-07:00,2025-10-10T13:14:11-07:00,6,70
projects\index.html,106,html,d03dd021,hannah sky,2025-10-10,13:14:11,-07:00,2025-10-10T13:14:11-07:00,6,219
projects\index.html,107,html,d03dd021,hannah sky,2025-10-10,13:14:11,-07:00,2025-10-10T13:14:11-07:00,4,8
projects\index.html,108,html,d03dd021,hannah sky,2025-10-10,13:14:11,-07:00,2025-10-10T13:14:11-07:00,4,7
projects\index.html,109,html,d03dd021,hannah sky,2025-10-10,13:14:11,-07:00,2025-10-10T13:14:11-07:00,6,39
projects\index.html,110,html,d03dd021,hannah sky,2025-10-10,13:14:11,-07:00,2025-10-10T13:14:11-07:00,6,70
projects\index.html,111,html,d03dd021,hannah sky,2025-10-10,13:14:11,-07:00,2025-10-10T13:14:11-07:00,6,238
projects\index.html,112,html,d03dd021,hannah sky,2025-10-10,13:14:11,-07:00,2025-10-10T13:14:11-07:00,4,8
projects\index.html,113,html,d03dd021,hannah sky,2025-10-10,13:14:11,-07:00,2025-10-10T13:14:11-07:00,4,7
projects\index.html,114,html,d03dd021,hannah sky,2025-10-10,13:14:11,-07:00,2025-10-10T13:14:11-07:00,6,28
projects\index.html,115,html,d03dd021,hannah sky,2025-10-10,13:14:11,-07:00,2025-10-10T13:14:11-07:00,6,70
projects\index.html,116,html,d03dd021,hannah sky,2025-10-10,13:14:11,-07:00,2025-10-10T13:14:11-07:00,6,208
projects\index.html,117,html,d03dd021,hannah sky,2025-10-10,13:14:11,-07:00,2025-10-10T13:14:11-07:00,4,8
projects\index.html,118,html,b3e20c60,hannah sky,2025-10-25,15:44:29,-07:00,2025-10-25T15:44:29-07:00,4,4
projects\index.html,119,html,b3e20c60,hannah sky,2025-10-25,15:44:29,-07:00,2025-10-25T15:44:29-07:00,6,1
projects\index.html,120,html,ba70e60e,Hannah,2025-11-01,19:54:07,-07:00,2025-11-01T19:54:07-07:00,2,0
contact\index.html,1,html,df256163,hannah sky,2025-09-29,01:47:07,-07:00,2025-09-29T01:47:07-07:00,0,13
contact\index.html,2,html,df256163,hannah sky,2025-09-29,01:47:07,-07:00,2025-09-29T01:47:07-07:00,0,14
contact\index.html,3,html,df256163,hannah sky,2025-09-29,01:47:07,-07:00,2025-09-29T01:47:07-07:00,0,4
contact\index.html,4,html,df256163,hannah sky,2025-09-29,01:47:07,-07:00,2025-09-29T01:47:07-07:00,2,20
contact\index.html,5,html,df256163,hannah sky,2025-09-29,01:47:07,-07:00,2025-09-29T01:47:07-07:00,2,68
contact\index.html,6,html,df256163,hannah sky,2025-09-29,01:47:07,-07:00,2025-09-29T01:47:07-07:00,2,21
contact\index.html,7,html,d03dd021,hannah sky,2025-10-10,13:14:11,-07:00,2025-10-10T13:14:11-07:00,2,41
contact\index.html,8,html,d03dd021,hannah sky,2025-10-10,13:14:11,-07:00,2025-10-10T13:14:11-07:00,0,0
contact\index.html,9,html,df256163,hannah sky,2025-09-29,01:47:07,-07:00,2025-09-29T01:47:07-07:00,0,5
contact\index.html,10,html,df256163,hannah sky,2025-09-29,01:47:07,-07:00,2025-09-29T01:47:07-07:00,0,4
contact\index.html,11,html,5a0d9398,hannah sky,2025-10-15,00:12:29,-07:00,2025-10-15T00:12:29-07:00,2,2
contact\index.html,12,html,df256163,hannah sky,2025-09-29,01:47:07,-07:00,2025-09-29T01:47:07-07:00,2,3
contact\index.html,13,html,5a0d9398,hannah sky,2025-10-15,00:12:29,-07:00,2025-10-15T00:12:29-07:00,3,30
contact\index.html,14,html,5a0d9398,hannah sky,2025-10-15,00:12:29,-07:00,2025-10-15T00:12:29-07:00,3,43
contact\index.html,15,html,5a0d9398,hannah sky,2025-10-15,00:12:29,-07:00,2025-10-15T00:12:29-07:00,3,39
contact\index.html,16,html,5a0d9398,hannah sky,2025-10-15,00:12:29,-07:00,2025-10-15T00:12:29-07:00,3,41
contact\index.html,17,html,5a0d9398,hannah sky,2025-10-15,00:12:29,-07:00,2025-10-15T00:12:29-07:00,3,64
contact\index.html,18,html,5a0d9398,hannah sky,2025-10-15,00:12:29,-07:00,2025-10-15T00:12:29-07:00,2,4
contact\index.html,19,html,5a0d9398,hannah sky,2025-10-15,00:12:29,-07:00,2025-10-15T00:12:29-07:00,2,1
contact\index.html,20,html,df256163,hannah sky,2025-09-29,01:47:07,-07:00,2025-09-29T01:47:07-07:00,0,0
contact\index.html,21,html,b9c9589c,hannah sky,2025-10-10,18:25:49,-07:00,2025-10-10T18:25:49-07:00,2,18
contact\index.html,22,html,f5ae047f,Hannah,2025-09-29,11:06:38,-07:00,2025-09-29T11:06:38-07:00,2,53
contact\index.html,23,html,4cb4a5f5,Hannah,2025-09-29,11:22:32,-07:00,2025-09-29T11:22:32-07:00,0,0
contact\index.html,24,html,4cb4a5f5,Hannah,2025-09-29,11:22:32,-07:00,2025-09-29T11:22:32-07:00,2,81
contact\index.html,25,html,eaab0bb9,hannah sky,2025-09-29,14:46:25,-07:00,2025-09-29T14:46:25-07:00,4,33
contact\index.html,26,html,eaab0bb9,hannah sky,2025-09-29,14:46:25,-07:00,2025-09-29T14:46:25-07:00,4,57
contact\index.html,27,html,eaab0bb9,hannah sky,2025-09-29,14:46:25,-07:00,2025-09-29T14:46:25-07:00,4,37
contact\index.html,28,html,eaab0bb9,hannah sky,2025-09-29,14:46:25,-07:00,2025-09-29T14:46:25-07:00,4,46
contact\index.html,29,html,eaab0bb9,hannah sky,2025-09-29,14:46:25,-07:00,2025-09-29T14:46:25-07:00,4,31
contact\index.html,30,html,eaab0bb9,hannah sky,2025-09-29,14:46:25,-07:00,2025-09-29T14:46:25-07:00,4,53
contact\index.html,31,html,27a06b74,Hannah,2025-09-30,16:33:09,-07:00,2025-09-30T16:33:09-07:00,4,35
contact\index.html,32,html,df256163,hannah sky,2025-09-29,01:47:07,-07:00,2025-09-29T01:47:07-07:00,2,0
contact\index.html,33,html,4cb4a5f5,Hannah,2025-09-29,11:22:32,-07:00,2025-09-29T11:22:32-07:00,2,5
contact\index.html,34,html,290c978e,hannah sky,2025-10-25,19:50:45,-07:00,2025-10-25T19:50:45-07:00,0,48
contact\index.html,35,html,290c978e,hannah sky,2025-10-25,19:50:45,-07:00,2025-10-25T19:50:45-07:00,0,0
contact\index.html,36,html,df256163,hannah sky,2025-09-29,01:47:07,-07:00,2025-09-29T01:47:07-07:00,0,5
contact\index.html,37,html,df256163,hannah sky,2025-09-29,01:47:07,-07:00,2025-09-29T01:47:07-07:00,0,5
